"County","Region","Super_Region","South_East","Country","Density","Mean_Age","Age_0_to_19","Age_20_to_29","Age_65_plus","Female","Cisgender","Heterosexual","Married","Cohabiting","Same_Sex_Couple","In_Migrant_UK","In_Migrant_Overseas","Born_in_UK","Born_in_EU","White_British_Irish","No_Religion","Christian","Communal_Resident","Lone_Parent_family","Household_5_plus","Detached","Flats","One_Bedroom","Crowded_Housing","Owned","Social_Rented","Private_Rented","Second_Address_UK","Second_Address_Overseas","Disabled","Poor_Health","Unpaid_Care_Provider","No_Central_Heating","Green_Central_Heating","Part_Time_Employee","Full_Time_Employee","Self_Employed","Unemployed","Student","No_Quals","Degree_plus","Extractive_Job","Productive_Job","Professional","Routine_Job","Cars_2_plus","Work_from_Home","Public_Transport"
"Bedfordshire","East","South East","South East","England",461692,38.6845693009317,25.3522205967282,12.192245967679,13.6444065425268,50.4671942378668,99.3313951261367,97.4012312613053,45.6728568626169,12.9988665838401,0.74471254095919,8.91352658184571,1.05152320030799,77.4784247284822,9.10404091142574,63.282562548245,34.4428756784746,47.3205711378504,1.01143827714941,11.238184704563,9.35978706903143,24.1495446882726,17.4445743081119,11.1310559775129,70.8690459719056,65.331721543968,15.001292587104,19.5781432623442,2.73902820760594,1.06181153590194,14.7134112251645,15.9409596190357,8.18143377421716,1.2962093159583,8.41552975273715,11.9424721067914,37.1382760643001,10.0675606602185,2.98310714471468,7.32657427816627,17.9148993408958,32.5715822983455,0.540431053209415,17.6912644501459,32.702506389275,12.4767071694391,42.5927004747895,29.9182180577816,6.13480184228989
"Cambridgeshire","East","South East","South East","England",618534.00000001,39.9699134395133,23.3051505893111,13.0809966026434,15.2641810850301,50.5798062207456,99.3248046530756,96.20649853176,45.5910476965815,14.3476801565368,0.905370953574566,10.2652884451416,1.38160948357348,78.9931203788375,10.4154602549283,73.7167655841085,43.5288054746581,48.6704059252867,3.06846472797112,9.60863034426392,6.74165990181298,34.0125854932724,14.5972945883483,10.0918368473951,75.680765173981,63.3780455479225,16.0182567206379,20.5158931766473,4.91469186895347,1.64713668305531,16.219799580559,16.4761922861509,8.09563441022925,1.10112818700404,8.43793314815531,11.4744405101585,38.0697858296951,8.82202894564956,2.26037333700024,8.77376327821513,16.7409676824959,36.6805459680813,1.35296540362438,16.6970986637379,36.184835654734,12.5187873254137,39.7251536588194,34.2943767519021,4.15260384369844
"Essex","East","South East","South East","England",4343080.80000027,41.3529499989517,23.1863271865594,11.2090148622446,17.1287543334998,51.2711219772853,99.6003919152445,97.5493093004358,45.7007637565487,14.0287721475298,0.788131757741311,8.68714646755488,0.533544701277986,88.5483264890541,4.79681925135645,83.7548563352631,44.1528835399425,50.6542590973197,0.968171301273836,10.9249058600193,6.5191541891806,27.4872470480839,19.7272022344572,11.3750737491815,72.5786227134156,68.5457947512354,14.1701601808112,17.2010565475998,2.95903029990259,0.945971517102425,16.6166633785092,17.172004421011,8.67069615545734,1.20190094593456,8.29063985114011,12.2873912942496,34.4439541187908,10.5084160896124,2.650346564384,5.79155703464317,19.1936385076532,27.6493720395344,0.66228990585472,17.4379980905937,33.7735177949546,10.8607884566381,41.8410720028216,31.6858190252172,7.42857660567446
"Hertfordshire","East","South East","South East","England",2775985.70000002,40.0263077332457,24.3164831498165,11.1315482148815,14.5033366700033,51.1672932660104,99.5588343882147,97.4338207371212,47.2274778206691,12.5279357984559,0.731939083028579,8.82030469867487,0.86548322672928,82.0562785549059,7.20778587021714,73.3859524876064,38.9294782021031,49.4753780696932,1.24107440774107,10.6815880319826,6.90506365812645,20.9781361695431,23.8530704206685,12.684721923096,70.2246050876801,65.6444334920283,17.6524186317165,16.6308757354053,3.32850071488274,1.30138688920068,14.4042495864611,14.5521840246381,8.22053503473659,1.08283736938235,7.90498200448128,11.9628604346851,37.3528936434206,11.4272457602819,2.55337118190776,6.86237403358409,14.6645006975449,39.4463224054769,0.391149980943975,15.4285265346786,40.4602948030458,8.93449041321849,42.3916735004929,39.3553768464549,6.85208803809836
"Norfolk","East","South East","South East","England",881035.200000004,44.0975327548812,20.3918700606907,11.2866218399336,21.078352180937,50.9617242376776,99.5056846951792,96.5699320019396,45.5814492383049,15.2380305530363,1.00693709206796,9.65237618715783,0.667241324266513,90.3470528776986,5.15503529036779,89.3738415894757,47.2138987927983,50.186431864342,1.83054621665284,9.07211293521757,4.97176901788828,38.7475484922454,12.9743806619627,8.96441882263326,78.4929402948531,65.7292519395853,15.7036546066543,18.4797904728458,4.33611790607989,0.813213130608578,20.1166218946582,20.4173902792317,9.33319749725848,1.2850348834046,10.602774349754,12.5891027412618,30.4246426764977,9.5925912406856,2.28069123390675,6.09939876833548,20.4211462174927,26.6984488272018,2.78576780836818,17.9200406081555,29.8145212593991,13.7561661121946,40.4237007285911,25.4343559349892,3.05499424726141
"Suffolk","East","South East","South East","England",576384.600000002,43.6275588812174,21.1786466426357,10.7828985941637,20.3420333751377,50.7401881199182,99.5921216219164,97.1640659937119,47.3366106548502,14.3164651469462,0.906919544019211,8.97221105747611,0.912369787003174,89.3321431810981,4.70929567614538,87.8404456982703,46.8848641764634,50.220733386853,1.60144500767726,9.0711214779548,5.23426632129323,35.1833973940001,12.3677062283758,8.88646373309428,79.6396288356893,66.0926346212078,14.9676057647048,18.8327282212102,3.37207009425653,0.80177207535264,18.2712822946505,18.5593736155534,8.99926184571746,1.30210441420292,9.91853977219918,12.7928854030833,32.8574193405101,9.57316860363662,2.27058565975957,4.8992172801198,19.6788824181699,28.1159526049359,2.02441545600611,17.110762800418,32.2480856268531,13.2837745870237,42.7471120665102,26.4725050001124,2.50307582541671
"Derbyshire","East Midlands","Central","Rest of E&W","England",1471746.1,42.2824174034258,21.8450431203877,11.4921727997333,18.1326272707214,50.8245746444836,99.5503861411131,97.1161276044918,45.1404489469972,15.1131110942719,0.932051737906352,8.19802688250687,0.434720672607626,91.7047427038421,3.61145491339497,87.3842913731436,45.2573351654703,48.7591359738488,1.09479581362051,10.1386496877338,5.3869923260421,30.756116495565,9.81792403389705,7.76420138866237,79.4099547039009,67.9686429713068,15.4919378513259,16.4061191871528,3.54793346559406,0.628790856017311,19.7423295454545,20.234147283812,9.94649237785718,1.13836271476131,8.95055352479282,12.7320283399365,34.6632590006456,8.16493502458514,2.32997821686703,5.73265778387404,19.1731213816293,29.4659512107553,1.08649343883957,21.0167123326394,30.8749476416896,15.0961091446378,39.677558946391,25.152590145796,4.46391255100619
"Leicester","East Midlands","Central","Rest of E&W","England",105571.2,35.4877539890767,27.4204970005779,17.201027753133,10.3396631856549,50.5898440467534,98.8937464360388,96.150933823275,40.9942850562137,9.44261303928484,0.717966804381937,9.7812931396469,1.92936281626593,58.8974715862073,8.64663796120693,33.6933725116735,24.3078160688377,26.1907976958327,3.58628323986423,12.9109492259867,15.2247124857715,11.3566426978993,23.0053066222878,15.6380506798129,60.3694196516183,47.1720478220254,23.1534904897597,29.3879377340273,5.69035545390169,1.42686212425828,15.5052893472357,17.7515322692236,7.66080706040679,1.89661263100051,8.27020449817482,13.3107913075749,30.8028534905777,6.24029249652935,3.56961224966668,15.2907783871455,26.6970891334751,26.7685636036878,0.133603552434554,19.8178602777921,18.932979629986,21.0077796409819,25.8894087355167,19.0597286586546,9.3962590522416
"Leicestershire","East Midlands","Central","Rest of E&W","England",715212.500000004,42.1022161955777,22.351448212353,11.4997873269311,18.1493652796826,50.6218713414172,99.6605227196918,97.3986803185438,48.3845664432572,14.1218613001909,0.849769472794304,9.38407655404774,0.574665416079864,90.3311209936437,3.47222222222222,84.1684868971481,42.6852778759695,48.4029075311235,1.95586837720339,9.25527320818882,5.75010458415989,38.1004433108642,8.03998569529632,6.20795519719308,82.7399025680472,74.4898923105989,10.4609187336374,14.9773285471377,4.9956132039053,0.90136376716992,16.5731989269576,16.8381835818235,9.06430889560801,0.857261419187677,8.75850598328661,12.2366503697449,35.8162306445682,9.11577850712933,1.94099061678628,7.73706573697041,16.7417956740672,31.9589945423656,1.26480078298574,19.9420311742172,34.6523512508682,12.6171199389887,47.5336277483325,30.4709350449443,2.36237166548074
"Lincolnshire","East Midlands","Central","Rest of E&W","England",885975.300000018,43.3182866755434,21.4060994598248,11.0876106719999,19.9837445149153,50.9637354910001,99.5211329670536,97.1182026174134,46.1594896798346,15.211596303352,0.865311799184649,9.37348826966367,0.565485048324692,90.583599311425,6.32374898973987,90.0112053054884,42.0379907412624,55.5704924848035,1.71038909091573,9.8841881947082,5.22735237151952,40.2153818390134,9.16757773072654,6.80469958220807,82.1912777802259,66.8422355869108,13.5607055772161,19.4805957871853,4.06945312014845,0.660175413602773,20.0825379836367,20.9754248819645,9.58187300859357,1.05612153896192,9.26209986255521,12.0686728395062,32.9403659611993,8.00231481481481,2.42294973544974,6.06294091710758,21.2341035779282,24.782380089969,2.99163832831417,20.4952152431289,27.400283290803,16.4489442732819,39.6402483679606,20.3924183255548,2.39716450032222
"Northamptonshire","East Midlands","Central","Rest of E&W","England",38389.4999999999,40.185204476021,23.7779051257561,11.6714422158548,15.4888252148997,50.6225429705558,99.4443781522633,97.1806532188124,45.3158733875909,15.3973239061603,0.903205730728884,9.25265804801087,0.86941526804397,82.7367034959834,8.97720963165589,78.3506060521162,42.7332301146053,51.8189594036412,1.26392868513212,10.5344176138572,6.7384002985446,30.8366194379828,12.259450919902,7.99578301825182,77.6432245504699,66.3098610821721,14.7662778294362,18.8007102939759,3.49135883594205,0.915628466239543,16.1972620184655,16.792380506056,8.18833079874075,1.20351538447185,8.95048482699855,11.7036779465457,39.385639096556,9.56929934090945,2.32926077541924,6.1824906352242,18.569400935061,29.4564760402474,0.764344760515439,19.5092795202204,31.7072553928635,16.3699959537718,44.4429931769696,26.5909246319479,3.94024044634784
"Nottinghamshire","East Midlands","Central","Rest of E&W","England",1881967.49999998,40.4346827392604,23.1762874264011,13.8402582950645,16.1734819156884,50.9086127959849,99.4635551662166,96.4729214898874,42.152335687037,14.8156864211352,0.980373828692457,10.1102338392128,0.878952009290623,87.3192343057761,5.37560255231408,80.2159241209308,46.6606794612257,45.8163164955551,2.98148381956629,10.9374610895749,6.1950061427101,31.1267307500747,13.0690307799582,8.43156217055293,77.5644165158634,64.0530932680874,16.0844544886681,19.6906213099411,6.37848794988741,0.983409000273411,19.4129868049158,19.7714492700622,9.78357610565579,1.0137462749753,8.67816616722974,11.9793808750514,33.2720299852872,7.49356579845579,2.53997260959343,10.6500345560083,19.3995297828903,29.5508557400195,0.721978266980739,17.9300316980254,29.2212259365927,14.6574121283495,35.0068276242773,26.7289031069749,7.2296187723084
"Rutland","East Midlands","Central","Rest of E&W","England",1612.5,44.6070158343484,21.7190050429995,9.71081930469949,21.755548517553,48.6662281663378,99.7549995406241,97.6874126959491,55.1064782247234,11.5239496067021,0.866534501502846,10.3965859760135,0.696539376548206,91.7279680420909,3.30053100794076,91.6857490864799,39.2545271888926,58.5456325184823,8.79436770688689,7.00167704839482,4.52857314005032,46.4418353899605,7.60752366119564,5.46903078950521,87.2521416162463,72.3383859565035,10.8980887903661,16.7155952309628,7.564130673098,1.3958927135862,15.8903775883069,15.3962337693975,8.04720213170917,0.730845264482118,10.5852752650812,10.9776365279762,31.8890865090241,10.8347668892323,1.653205819751,6.06175467242033,13.0932944606414,37.935860058309,2.4008517434123,16.0447165291456,39.7749139891539,9.98017377106537,49.8801964777765,34.0928449744463,1.12862010221465
"Inner London","London","South East","South East","England",40016349.0000009,35.605977855356,21.4177904446994,20.1161702420169,8.14710432173511,51.7466023843824,98.9223978097227,92.8662777560227,27.8696653870422,13.3588752595456,2.00691206707934,14.0858727325784,2.48186865075898,56.0176338378861,14.518569611035,35.1832839082942,34.4312228145546,41.2002951608155,1.54863825117092,13.122321531816,8.56484930002511,2.12354500207147,74.6355765792864,28.6051660621315,43.0832117285426,33.6217311388048,31.5555107840585,34.5838296230137,4.72583822490025,3.77934866713002,13.4333308265906,14.3045442487976,6.59860431543255,2.7179646160209,8.87167543616334,9.77911963422396,39.1716498747476,11.8641423533979,4.45196530162518,11.3401210152803,14.4801416304737,53.6425773597603,0.185687372751772,7.56852044278863,42.0672640524656,8.02559880409377,7.58501753308159,49.1749100567482,25.6864457897485
"Outer London","London","South East","South East","England",37881006.9999985,37.7614300710654,25.1351294247427,12.8058806783642,11.6479117675841,51.3400147342962,99.0781335016212,96.8270551847883,42.3473334595102,10.0799114936903,0.921571005876664,9.00754382334572,1.23844323822149,61.4776537850424,11.6451709338425,40.7355746571599,25.7605928839889,45.2797070780164,0.874327411938966,13.3531220616022,11.0730440023453,8.84413688196316,39.4969668776787,16.0887886704139,59.2931416670597,55.9563750892386,17.1846065705454,26.7108251061679,2.58810180785147,1.84753212631978,13.1063558958428,14.790231538181,7.60179028092519,1.88039186580091,7.94152297045914,11.3369517006326,34.7834815696711,12.3754698041413,3.85844013352943,8.94395032331863,17.3417544220053,42.1121042839234,0.173299362170131,13.0899636106162,35.5346742949773,9.07896739541498,24.616771642715,37.2871801002971,23.8128568355334
"County Durham","North East","North West","Rest of E&W","England",329749.2,42.0359872746646,22.4794406641678,11.5668847762961,18.1367299228127,51.1121027427079,99.5976950817668,97.0375288545533,43.3168061571194,14.0083422889461,0.8488835336134,8.80427904769438,0.472263966885497,94.8580421726742,2.04463677385791,93.5649340330912,41.0833389708268,56.2154799073999,1.95570309098825,12.1176799016559,4.71977412474563,21.6532106991471,7.74079325316074,6.7104183757178,80.6794361948047,63.2448012067665,19.1143195776317,17.5522328119031,4.27721405878761,0.746191495637239,21.8862408726155,22.1907681859293,10.3408532386843,0.714067072349491,9.80519878050274,11.6622104685765,32.7757123513092,6.61182319007253,2.84741783415523,7.39817211965753,20.4704535607961,27.3874776253675,1.35429855219698,18.7698854949293,27.3035498748607,14.7647129746051,33.576579775446,22.8339293160309,4.6989075305338
"North Yorkshire","North East","North West","Rest of E&W","England",709403.999999996,43.2609000344025,21.4053443055324,11.4180584413398,19.6816096441771,51.2023000284864,99.5531318289964,96.8071501798466,46.6107550210203,13.4677448394444,0.900227757622678,9.86557871292673,0.812293093856207,92.3496904709465,3.25192079114206,91.1945335337995,41.3668696042331,55.1140846922672,2.45593246253986,9.72877260574256,4.84450182877972,27.9832110697338,13.0421425398446,8.55712325553879,80.1041229880142,66.5385908756897,14.5504062306693,18.8217442386652,4.99988168545441,0.994297238902551,18.4371376617041,18.5942632163812,9.07335556895255,1.21350507010971,10.3789349136992,12.5035127141115,31.3349407075727,9.29598101767565,2.2170829984637,7.62759216432395,17.2717809429461,33.2216922642908,2.87583548889801,15.9391552843552,32.4569757791596,12.2545358720148,36.9632455816232,28.1993335884191,3.73421656782093
"Northumberland","North East","North West","Rest of E&W","England",4217.4,45.2827133342692,19.9673704175089,9.30598188215917,22.449215143121,51.1559206031812,99.7129383613791,97.6229614825152,48.6705084284321,12.5946260710423,0.783477399399536,8.03133412161312,0.309127273642104,96.4905713349867,1.43777393040413,96.3686105201425,42.2832418367649,56.0701484642704,1.39284455355667,10.1074039286152,3.85987122418698,27.2123984154858,10.6920678999741,7.21879636814092,81.8413852248132,65.7416860647146,17.7543186180422,16.4223193259008,3.35312118839431,0.682540623333032,20.9597369660633,21.6463329038859,10.1576067795725,0.75550291991669,11.3407113978846,12.3425702064348,30.483541007997,8.56685884322113,2.61372512553468,4.42440022317277,17.9184365770739,30.7436227431318,3.29592271629493,16.3205000710328,31.9510054083007,12.2207509131622,37.21022038905,27.2984933618418,3.83372283824772
"Tyne and Wear","North East","North West","Rest of E&W","England",1204516.49999999,40.9319392815636,22.3710580175711,13.5754036797603,16.5763094696294,51.1470115952058,99.439840496955,96.2936131349269,40.2988825949661,13.7825466914093,1.02484155701512,9.30639638945575,0.78716386302435,91.21800490417,2.85449661285801,87.8598537607546,43.2779468879885,50.8111069015007,2.30794958440939,12.4599792975614,4.92617853560682,11.3743049035892,21.793128074272,9.49329888324751,75.624684047086,57.223872752476,25.7449954161844,16.9125744995416,5.0029631154231,0.88476497349165,21.2050131699064,21.8005644118876,9.91538363659499,0.880654292036197,9.71708730112559,12.0205710201771,32.7144016515369,6.02470847316791,3.15905945059274,9.5743719014847,20.201900608242,29.591172257018,0.565433389985619,15.4270574584913,27.9771816053602,13.3631838118559,25.894549751149,27.3516547944198,10.663098545514
"Cheshire","North West","North West","Rest of E&W","England",482568.800000004,42.5353904862763,21.7419327156487,10.7685818906846,18.2729114344689,50.951821021861,99.5964504370722,97.2295769567196,46.4959934426894,14.1083510007667,0.919982570884595,8.59829033051706,0.626497941927999,92.2196792160522,4.00619329017628,90.9699170692696,38.9160756558171,58.4585344216611,1.22980826640033,10.2493179433368,4.87951781944252,30.5148771673571,11.3178958325463,7.64886611178967,81.4932182723646,69.7714780995473,14.7774277697446,15.3807893858723,3.82088674735752,0.920416223134747,18.2005249343832,17.83502058203,9.60573256183951,1.0700966843582,8.46675438983083,11.9386313064197,36.1840572733061,8.54107922112208,2.25978422676822,5.66410279733156,16.2633001144764,34.4985446413517,1.19872467156854,16.6449845550773,36.0834565540283,12.4278562705006,41.9864806159903,32.1327597273589,3.00493627166305
"Cumbria","North West","North West","Rest of E&W","England",97478.0999999999,44.7605190554407,19.8551153755357,10.2767652436951,21.2515454760066,50.7565314986386,99.6516525841819,97.5260274042393,47.1584339341623,13.5532912825489,0.755079527157999,8.10524000992602,0.466845684703642,95.1729808563718,2.52814327412259,95.1973303830972,38.0305209552723,60.5462583892261,1.26578226624441,9.09495918340606,4.23846150486349,26.8409650762592,10.2364646482294,6.23575041274666,83.0196590566623,70.4795307333819,14.0286434333684,15.438539787642,3.66708545729536,0.710810399878364,19.2863401927794,19.9139334915154,9.3849160220925,1.72828721801227,11.7699984713153,13.3617754753187,32.2947666141312,9.46756691125004,1.9115119252251,4.43130794173805,18.4343722918988,30.1081335885496,3.77045643925775,18.9258809645668,30.1868195442717,14.8041454083151,38.1075509277054,23.7493390859294,3.32770748998558
"Greater Manchester","North West","North West","Rest of E&W","England",5004404.50000008,38.4849180669712,25.2617465578475,13.6898375209877,13.9768215904078,50.7374558236118,99.3465399772383,95.9997910061079,39.5704830236467,13.7755914805208,1.14152918146084,8.69621352986559,1.01070605495862,83.2612853563664,4.85384960064719,72.4211159123941,33.6587110689087,49.5218222917753,1.47655209881434,12.8956092361018,8.1264359328864,14.1934098539861,19.3315645995227,10.7374951729055,69.6289123004755,58.6095919011682,20.658114957513,20.5419251021011,3.88913298183948,1.02756158116439,18.3409571645067,18.8451133671483,8.87913769887751,1.48017381857686,8.17660239000543,11.7855459558147,34.5053203511975,7.94053436545635,3.20281112183806,9.127954752923,20.0195362976526,31.8752217544997,0.206075557392199,14.9271978333163,29.9437916295434,13.1193017406548,30.0425633038969,28.6080215232176,9.02249883017957
"Lancashire","North West","North West","Rest of E&W","England",3364817.30000002,41.4999660382879,23.2504250131765,11.7183463966785,17.6207883202526,50.8014031494448,99.5269200954641,96.8501687962641,43.6315161247068,13.6858670356419,0.916487814027257,8.73950799288935,0.75314883891203,90.136097518921,3.84551579640365,83.3239721777749,33.1169041774806,55.6205218728241,2.2269202836079,11.2423627765893,6.67464018963832,21.7510253592418,12.6449413298767,9.01860811371094,76.5170267662553,67.0381736100086,12.728441320039,20.1660298489979,4.18886704590727,0.936889748094545,19.7906380132817,20.1216354163877,9.69863867745021,1.58444897242011,8.99313508198136,11.9108955052968,32.5390120445458,8.16211969913059,2.49395210208996,7.81986593325811,19.6950757105598,29.4941658545335,1.08475154717581,18.1012581882266,29.3807366264833,13.2541997190845,35.5268876866879,24.0723633111305,5.20392942567896
"Merseyside","North West","North West","Rest of E&W","England",1203728.59999999,41.0859796064192,22.3601581129864,13.2919174361302,16.755732860437,51.4706471297035,99.5096603557972,96.5220963082302,37.7711166221811,13.2383899735889,0.914230470145646,8.59167882465811,0.781777772731659,91.2170099514652,3.58945498795763,88.2346204487362,32.768624482344,63.1892060382064,2.15002315063652,14.1652440006442,5.53757994404923,13.6297310355935,17.8531164438718,9.38398899658237,78.9780963118054,59.2301200511514,20.4924448624743,20.1867605515846,4.35478488145382,0.855415464927966,22.2023074723405,21.6114282181209,10.66086120312,1.76114465544538,7.41420157415893,11.8975057083906,32.4019935226719,6.92478742269044,2.9432862758946,8.9327250069729,21.1256889701655,29.561276763431,0.35372106521491,14.5384181272399,28.2787926966781,13.3232059420095,27.6161746634305,25.6640995546409,10.6826462066814
"Berkshire","South East","South East","South East","England",1124937.29999999,38.270044029952,25.4469274806013,12.1624655758334,12.4704595935443,50.6020963328762,99.3942655084941,97.0827333761254,47.2683142100618,11.8577359354058,0.823935144323494,10.1468217271017,1.40113614646516,72.5329717236629,8.57258472689633,59.7717698366287,33.3949353179162,45.1817483534181,1.9074499257925,10.1000183061792,9.00473618169897,25.126226905552,24.7451331498314,12.7684289004566,68.3363731977154,63.283130023798,14.0008986669773,22.6181164605835,4.13989590640456,1.72428009118021,12.664541491031,13.2188296779268,7.1317574312184,1.37529331491621,7.4982109870359,11.217327414958,40.2360413688671,10.0814603639064,3.0139854431018,7.9067295640774,14.363599983993,40.7859458161591,0.48361926572966,13.0607602119919,40.0370084613636,9.24795348971222,42.9241860434155,41.383459789479,6.14598876697684
"Buckinghamshire","South East","South East","South East","England",87277.9999999996,39.8996569611183,24.8318433021202,10.7026337308469,14.7924331568943,50.96412732194,99.5062558901832,97.4171044296401,48.7454371263294,12.4802932366388,0.772959895220655,9.44557261716288,0.842119446222252,80.2539567668837,6.8152683531256,70.0847955931049,37.7228652256866,48.5705754642024,1.11267434635738,10.200911133038,7.73985544192184,32.1902648232013,17.5209189335093,10.1586539903428,74.0563236661368,67.7509522238551,14.6906397144828,17.4807305881294,3.26410661105676,1.31192732622498,13.9397337104142,14.191461174877,7.88068986515767,0.98671977158487,8.81599625706299,11.4243769725648,38.4018053691175,10.9811157552276,2.63203183339843,6.43626660920134,14.4499016799705,39.2480986971474,0.615917852016495,14.8655590066584,40.2600920348685,9.63911856036515,47.1610233032421,39.4558525257132,5.03054378742964
"East Sussex","South East","South East","South East","England",1215025.2,43.2040045348112,20.4910104549939,12.1187523998853,18.8553215481751,51.6728760052202,99.3876729420587,93.6454071853653,40.6776695285971,14.1923573112683,2.05925530495129,11.3315943527647,0.871736501561529,86.8554076615931,5.71083476515319,84.4814952980304,51.7050249528552,43.7538419062106,2.1279568964784,9.71495747182076,5.26443903518478,25.1023456516929,32.564726709449,16.1835241008846,68.4048782781637,63.5651238247506,12.3174715575115,24.0064837532744,4.86396500394921,1.55793183060939,19.7278084938332,18.937822543505,9.18460405465736,1.78022172556482,8.56420526210971,11.9220316122478,28.9092008949375,12.5731188802283,2.69161415807282,8.24604412747938,15.6533102558017,35.8361167229133,0.788203457806311,13.4997230920253,35.633606124413,8.52251430886897,32.5326466089294,35.3343674459256,7.08788930241836
"Hampshire","South East","South East","South East","England",5299269.00000019,41.5271641919587,22.3987077306322,12.2467928757246,17.0895734079298,50.8609799093025,99.5273786914479,96.673257101322,46.6443405691813,13.7039062840806,0.932327092987749,10.2158354717219,0.887768707253744,86.7882431781421,5.40565126237004,84.6858562653272,46.041030217737,48.7331662833671,2.02430588075715,9.50211494531291,6.01676003566404,27.9329457783825,21.8763689399444,11.5724861943943,74.1393260974881,66.1144853852556,15.3956662122778,18.3984981974762,4.70830137391843,1.20840229838655,16.6930506222074,16.4323246633431,8.2420804577016,1.38080047001587,8.56632274423303,12.1899796306257,35.7594880728764,9.47166075590099,2.30392102264873,7.45352683692904,15.3840559675139,33.4184184905596,0.72109769800021,15.973742036542,36.2342578676265,10.3984228712496,43.064855483733,32.5598103868759,4.35324567210509
"Isle of Wight","South East","South East","South East","England",14430,47.1706322084579,18.4067948654056,9.00974661645035,25.4173815846617,51.5239322506924,99.6342928326734,97.0212187159956,45.457817387206,13.5738463516003,0.884356656240627,9.67892276364471,0.485416009407176,93.8708965477962,2.82213568179067,94.3528004613446,46.9857872580142,51.0082901317743,2.09527335379007,9.61283151687301,4.53899833261286,34.0007719027403,20.6082593593207,10.9610189116171,77.054419143188,68.4353531455037,10.8946352759552,20.6561173292165,3.32196584056557,0.839390854270641,23.3203044348092,23.1683267003182,10.5294758611488,2.32981827726227,9.59718383794717,12.8160957987691,24.3987489965213,10.3032178217822,2.63831281776826,4.28485416109178,18.4503202716037,27.4137440837556,1.10337920674115,16.7596221919086,29.4426558514864,11.5374001756073,34.8251640293323,22.3139354170264,4.60196857192195
"Kent","South East","South East","South East","England",2631022.79999991,41.1713736250117,23.6526345964424,11.2264285144657,17.1455682697468,51.2074303739219,99.5323610248824,97.0548698521325,45.3768252504939,14.2926682684136,0.925899486978667,9.31989403208987,0.651109096305009,87.4594993628205,5.10400978535268,83.1298865748848,43.6871727382186,50.8482876812137,1.63424296438709,10.8286734407839,6.89372902546555,23.8153896366252,18.4830143883851,10.583113553692,73.7935745043746,67.287534003377,13.5550259195553,19.0812409274976,3.62120563882995,1.07923825576045,17.7813975743651,17.8572910374616,9.05138398603052,1.36540286293724,8.74871191513051,11.7776332683041,33.7851366448235,10.5360745668884,2.66146432561319,6.43869741383623,18.1663808702484,29.7622453927416,0.901523323606697,16.7118550781518,33.1912248453303,11.2290605632939,40.8471593997292,30.31369525486,6.30672891922301
"Oxfordshire","South East","South East","South East","England",498019.200000004,40.3047437179001,23.0248054897192,13.4142121075497,15.3693110137698,50.6176822576287,99.3783785234611,96.0873557930175,46.8782803238884,13.6157519165044,0.971594383201914,12.127288069041,1.59959453174822,81.2883638589699,7.59432063224191,77.7693673720377,42.9630046470025,50.84054768879,4.29772325866445,8.83661682424646,6.62216946422869,29.2612492537521,15.6885612339817,9.51966096164993,76.0311273242233,65.0922570702653,14.6649867410832,20.1837505379927,6.63884338997259,2.06758105700876,14.5434039578597,14.0162858545248,7.66389107538036,1.0808409317307,9.04102266850394,11.3355629127943,38.1997546342201,9.87193922995479,2.0007394585147,10.0383173957616,13.5142311673994,41.9985815888893,1.04202095562017,14.9070162927204,39.8984602664031,9.83332156937876,43.0493320236438,37.9484098901159,4.68436688218174
"Surrey","South East","South East","South East","England",2357191.1,41.1972576461172,23.7735535404078,10.5033621198394,15.9248115301178,51.2063349311408,99.6056799444589,97.3367189224995,50.000052817106,11.8711727404578,0.798911545079928,9.93133547381714,1.08504728767565,82.0772744085146,6.20871653998163,77.7479754603267,39.021051072859,53.4739457394654,2.32131725278653,8.83360764104363,6.41730763643005,32.1626187698988,22.6587438306068,11.3885089629093,74.8443911277518,71.6714921702313,11.4261697954609,16.8465074769362,4.5203755606313,1.77083021640617,13.8059695289708,13.5104740959064,7.95556446423108,1.01408006375878,8.25086755109834,11.118537407971,36.3388927734134,11.6566240282976,2.36930860033727,7.49331633282606,12.8561145900813,42.362443573845,0.615080845982128,13.0135568839523,43.856309960823,6.74944216511913,46.8516896561744,44.1320104693747,5.46072595952417
"West Berkshire","South East","South East","South East","England",5503.2,41.7471739951811,23.4107787695033,9.93638779289798,17.0569908390989,50.6333347785961,99.6571300095554,97.5310156448064,50.8363048764382,13.1346089604649,0.727154077423264,8.86275392493388,0.677758395388242,87.9526281233354,4.92734412744819,86.5033106840016,43.739319200037,52.2687833620354,1.77332639611516,8.58111554502085,5.74724714212848,33.0503007845902,16.2798721853013,9.81277566083591,76.9360016802184,68.8814545890966,13.9593147109124,17.1487293348135,4.31036618601655,1.18799861255636,14.6616867350478,14.3017299580673,7.85304757800154,1.04263554262054,9.21119745566924,11.9063463288893,39.3882374538195,10.4170969197702,2.11952239993269,5.23111284487176,14.1384163505079,37.0028148329458,1.06796588341069,14.6210482832357,41.5233753518541,9.37614735038551,49.647454169042,41.2941791099177,2.83433764214209
"West Sussex","South East","South East","South East","England",1218426.00000001,43.3719935651248,21.6365424311017,10.0512304600319,19.3888371523931,51.4297431900267,99.5998637710774,96.8739216224108,47.3511970221893,13.5225892495654,1.07465120416692,9.51452536006083,0.653283857725227,87.0932548449151,5.66390008587503,85.0062254085035,43.8003696590065,51.2135770058586,1.67388713412396,9.15729438729279,5.6434461400694,29.4164992084602,22.1569860720968,11.8992793484286,73.2567374525607,69.6923905163959,12.6889578269583,17.5426954074453,3.47182491443643,1.20451762082846,16.8692511530265,16.9579393618058,8.68757538916019,1.25741241688099,8.54336846874459,12.8548598714376,32.8184696294137,10.8423942193702,2.46658726644094,5.39829848800332,15.7600929701629,32.7334740721894,0.953236939655275,15.1702344691809,36.8021421557436,9.54012966258572,42.1302872737643,33.314707861455,5.06511199929622
"Bristol","South West","Central","Rest of E&W","England",146475.4,36.6451841629591,22.8377371589187,19.4588839879103,11.0803271332662,50.3618257437059,99.1141531909742,93.3692595406791,33.0665210034773,17.0004929455495,1.33841378115882,13.8645706496269,1.42606767829591,81.1696626811525,7.88382533161467,72.5426326071451,55.1910953954395,34.5707909699529,3.09377414199994,10.3418946138031,7.38941447200205,6.02698838434966,35.1720431229714,16.167461568165,65.6602552729626,54.830461599474,18.7222784625179,26.2020058652251,7.93773083720487,1.58805414157662,17.1777440069762,16.4587853068481,7.60834268335562,1.62285141777727,7.19011886995272,12.0405534400115,37.1106058895378,9.25256858981597,2.51367690681228,13.7066726882692,14.5383209993123,42.1099900438277,0.194961196432839,12.0892712643967,35.8512014123395,11.3505496422963,28.0306825297433,38.5837071820888,7.28726437244248
"Cornwall and Isles of Scilly","South West","Central","Rest of E&W","England",25238.4000000001,44.8157669446958,20.3741720639391,10.0094870858573,22.1008915764112,51.4947786267011,99.6287394641532,96.7948674490236,46.2237290437011,14.4316817230947,1.00055586436909,9.78023797862632,0.469509208722829,94.7120138934995,2.67282136579809,94.0443077783213,49.6137427448043,48.7009923235349,1.37711013037295,9.27682959805309,5.29702045084917,37.1513556073391,12.8725037180782,9.26768359604893,76.3530950894508,67.3391073360056,12.8050041356493,19.7695966151301,4.18951076074764,0.717383176263807,21.1168534378833,20.7191640211825,10.0142849565324,3.55539472794729,13.3817406760857,12.9002366671258,26.7838732432579,12.3171256005376,2.14857853633696,5.9244000884893,16.3062057163131,30.5840490029322,3.2640194235589,17.1432487468672,29.5911978562305,12.2490378916261,42.7792027040461,24.7314564984982,2.13814952165758
"Devon","South West","Central","Rest of E&W","England",1873714.20000001,44.0956842983283,20.6927300037675,11.3004193627463,20.9437882818631,51.3200659066399,99.5842216154891,96.5070647381331,45.7108076926571,14.0277033362908,1.03117861818431,10.4155193120517,0.679869815339495,92.4238435873306,3.52879432997493,92.3495375321227,48.4121890144828,49.3016234200142,2.37566620244657,9.17365956154596,5.34297295411121,28.9195418776077,18.5821745723965,10.8005386971677,76.4043057643449,66.6210838033084,12.6308542542958,20.6733689194032,5.10094541470168,0.982349462060433,20.4785391944116,19.5976170929653,9.78452225920031,2.19062223555131,10.1237529919705,12.8723674617636,28.8913681496113,10.6367153654963,2.05314187422298,7.41864803099926,16.4222088338439,30.8570284734174,2.58518491581512,16.3871413505946,31.1612106844492,11.8677180250528,39.1954263640462,26.4494756287364,4.19321289346599
"Dorset","South West","Central","Rest of E&W","England",222836,44.8687638662683,20.0507324529962,10.6216264393538,21.6440084793473,51.2958225129044,99.600789703506,96.6865528309829,46.690403028418,13.1000647071143,1.0790770952445,10.7370644903954,0.728699189199323,88.8849561153773,5.30924424062418,88.5392581193293,44.1471686855481,52.6715636741579,2.35580776506043,8.75538832362293,4.85371526502632,38.0961402261129,26.2886072112456,12.2499657537241,73.3498299334598,67.3911332748475,11.6402363138766,20.9161680311743,4.6494181013754,1.10134333621878,19.0971754672822,18.8229938123177,9.23267097749885,1.4482658117167,8.98688429029438,12.4363588750442,29.7382187793084,10.1580675022229,2.19318278705497,6.68125235989817,15.8570971818334,31.7801190603066,1.44147199728664,16.4570879439239,34.2804898844107,10.3357449970159,41.3453103004054,28.9837172033498,3.71499877052308
"Gloucestershire","South West","Central","Rest of E&W","England",1184509.6,42.150837630519,22.0887462199318,11.5174895964614,17.9014622142835,50.933939070016,99.577700735976,96.9910202785427,47.3429433438492,14.3632308495112,0.925638967692035,9.60827399235456,0.645825553711231,89.8241927156544,4.65915492355531,87.689071228677,45.6400659702132,50.7562883554373,1.66242650988776,9.09145792351926,5.42155945301416,29.7921902160105,14.0898605629303,9.29668024219617,78.827867945222,70.4338551401281,12.4275210110457,17.0661763041187,4.39090925610983,0.9340449662801,16.6549616835507,16.6394619342191,8.51200299398498,1.14256390131991,9.5603569065749,13.1307396069912,35.5841341281514,9.90226751830697,1.98349383877389,6.2886863153737,14.8829075109661,34.8018834584122,1.23720293195708,17.4273437618141,36.4379197486673,10.9012196342007,45.492667220084,33.4633124142624,2.96285574791855
"Somerset","South West","Central","Rest of E&W","England",225200.700000001,43.6048090047876,21.5026566485482,10.9081500435984,20.2690671577935,51.1917774031385,99.6074220628801,96.9513778484367,47.2484356629941,13.9359308793287,0.919216595586104,9.99347322222394,0.771907103909386,90.79989202349,4.78947127162713,90.5069345054676,46.6805427376441,51.1860113495788,2.02835334828045,8.81422766432636,5.24364531694409,30.7433970184876,16.0822899297899,9.75649446363926,78.0772133389934,68.9308001075426,12.8209179798971,18.1737567744766,5.00793025854578,1.12246010168252,18.2162302571599,18.0903242893596,8.94867554981315,1.39757558605726,10.0287722277251,12.8114848220157,31.7893631429665,10.4803172017156,1.92472838621664,6.81561668842194,15.641197708812,33.0797928656166,1.92020209460835,17.4508087684102,34.2437016026931,11.8778891168013,43.4738927409084,29.9948435292792,2.55266413465726
"Wiltshire","South West","Central","Rest of E&W","England",138201.599999999,41.8510010084034,22.6758131830307,10.7710448756561,17.2951983478186,50.5516712829752,99.5726904501446,97.2077973743535,49.4598297849419,13.3081512005279,0.851580279831401,9.53764248025943,0.757315581642529,86.7987468739075,4.98561325194288,85.642506023578,43.5986455788436,52.1392139213921,1.79780568478232,9.16376687613767,5.85085513240241,31.1896392586423,13.5143740171028,8.50579370362866,77.8435275918738,67.0732805474976,14.8490715310251,17.9911366106862,3.93186893859841,0.935941581971192,16.614654832798,16.4927938817575,8.5988689658305,1.10953168114954,9.80440082073184,12.4872786652701,37.8728773721063,9.50788846461531,2.21949147649955,4.98857760220366,15.3132705994903,32.2335942203492,1.38866754364403,16.8071721261659,35.8546180300694,12.334705120698,44.8397294681019,32.9511198988688,3.84190466414736
"Herefordshire","West Midlands","Central","Rest of E&W","England",4547.4,45.4125075519009,19.8312597242198,9.53147305555704,22.4163650264926,50.8891431504432,99.6306599827233,97.6256441513825,48.8123070564073,13.2396440150351,0.804712021596766,8.97271423797152,0.608027253420153,91.4048172801882,5.40914802042398,91.5062663073699,39.3371708258652,58.9491704582012,1.27409989627554,8.83560320679996,4.9210411937992,42.3774856025209,12.0455889987564,9.48845183333937,78.4055923792966,67.4647156120589,13.6537602472624,18.8404747244256,3.37639145823754,0.89288578547216,18.6212132553439,19.1719152667429,9.28137510148092,1.86654110374636,13.6923949919712,12.5175012091745,30.4368301809943,12.2686658350941,2.03714074790622,4.58595321131278,18.0197666944563,32.7238708609904,5.5664139730887,20.5077220295324,32.8931542069457,12.3099539880229,45.627633501153,25.5538859576776,1.24846060852569
"Shropshire","West Midlands","Central","Rest of E&W","England",68847.8999999996,43.2192421989625,21.6635994571334,10.7581474185356,19.7195712846338,50.6983248452804,99.6209276183467,97.3338106867496,46.9856960619304,14.496742931701,0.917460117283561,9.32972055832834,0.588298256115884,92.095799444954,3.99472058167877,89.9701463223019,40.7568673960485,55.8168861134676,1.81421082712851,9.6308877021186,5.87859631910926,37.5608537104567,9.30760972178516,7.11829738397249,80.6450120089408,66.36370367628,14.7870312095072,18.7719817851986,4.07033725034224,0.752827768797616,18.9564486414506,19.1327848342424,9.85818913347901,1.25087348268538,11.6498294684135,12.1390304455769,33.3050615920079,9.84260480144447,2.34441633108822,5.59162776332514,17.8749355576726,30.2445363597272,3.17722519250815,19.7837856013988,32.0708636537498,13.2145937123593,43.8296257560542,26.0402656355077,2.80977979900723
"Staffordshire","West Midlands","Central","Rest of E&W","England",1704761.40000002,42.2051706949879,22.0703551960736,11.5107292202893,18.4685915562482,50.4723338501665,99.5565676477919,97.3411815721639,46.0694034730164,14.8378406156174,0.8852015211121,8.29048391132195,0.426936059313394,92.0809464079987,3.70522504162704,87.9015830174027,39.4157611987023,55.0164260677876,1.5773004134089,10.3072785605146,5.66659390714512,29.7972320433911,10.7495639675555,7.83718167047965,80.0336064544161,68.0341912022108,15.9597382326171,15.8623373735127,3.58633480038749,0.607330452113008,19.3356028178747,19.9461954715697,9.798258831408,1.09446589446589,8.72175032175032,11.9525903679073,34.9618148664593,8.17537273409846,2.32854231470557,6.12796310200579,20.7616869695237,27.4004369842722,1.10633474728866,19.9742986137173,29.4930376338896,15.9025333101648,41.0533295443781,23.1100058569205,3.73492902592369
"Warwickshire","West Midlands","Central","Rest of E&W","England",300430.399999999,42.046851122014,22.0564603291369,11.3726659885752,17.84665190952,50.7352891891711,99.6269842633315,97.2188306704807,47.2040529736582,14.0000331396047,0.834910916600042,9.83497534445005,0.761665273410927,87.482929363171,5.96898380488786,83.0478823677265,39.8748291106653,53.3899117589617,1.35730001189732,9.6313757077539,5.47535753488482,29.6128848841892,13.9774459247092,7.8756386666772,78.941237789132,69.5252347371497,13.6984624617985,16.6846980597168,4.19893057806093,1.19359017110416,16.7590529014528,17.1551279215513,8.77101815077391,1.04794320416334,8.99872856928508,11.7218984485363,37.2392059017182,9.10452963803257,2.22680193815753,6.59886784529801,16.868474374498,35.1182103937085,1.08851645961563,18.331124103892,36.4740848251597,12.7282586095132,45.0399191351249,34.0287506122435,2.5016954261171
"West Midlands","West Midlands","Central","Rest of E&W","England",4380921.59999996,37.9844095394343,26.6032572397376,13.7680886407617,13.4082852396691,50.9170949708424,99.2336063228768,97.1163763377116,40.54687316115,11.148765824935,0.78183739114563,8.07299753781997,1.03273618073732,78.3159996643439,5.6643678790816,56.9352543365569,29.5922746391228,43.2077326283851,1.72027292284391,14.1030285465875,10.8562673568006,15.1668198204566,20.7151692938432,11.3424123997911,68.6743655898777,58.1112603378808,21.9560684244009,19.6091927617163,3.62077522279204,0.876543121078512,17.7510478128737,19.6026518192554,9.10103067477492,1.9054460502087,8.22527117152461,11.6753706678997,31.5051091915035,7.21918568444218,4.14484871899729,10.6713068691714,23.7066373004394,28.0681565333482,0.163674399052115,17.7093378151706,25.3873873560661,14.3752694415086,31.3152688597681,23.9562440456597,10.828104167634
"Worcestershire","West Midlands","Central","Rest of E&W","England",742956.899999996,43.3801329527741,21.4465562995087,10.4994020030413,19.9235690313774,51.0060032202705,99.6605777786232,97.4302095054386,47.6626105137274,14.2507031998389,0.889397800606491,8.39522145165038,0.469196348726383,91.9685055022604,4.5179330783337,89.2982505545184,40.2637867339995,56.2480108735979,1.39230315599759,9.62592767858173,5.17327608759214,33.9443929350481,13.563984288138,9.55442192573442,77.6845482664697,69.9624131019386,15.1513286218266,14.8120078020705,3.65178729684914,0.789826347533532,17.9722830534361,18.1520611981884,9.18700093368079,1.19800102334063,9.64594722486179,12.3890331844097,34.1638614148882,9.57844124791484,2.31616005254716,5.60896826143812,18.0092879070969,32.321636337785,1.40524937860158,19.7989911208877,34.8855139157565,11.9640661484054,46.3349325002789,28.6427430993732,2.77133843445523
"East Riding of Yorkshire","Yorkshire and The Humber","Central","Rest of E&W","England",182007.5,42.5198965246123,21.7902000564649,11.6398130092511,18.8701110257572,50.5801595130895,99.5336356300684,97.0242857511549,43.7309827020184,15.649391751759,0.962287998469457,8.90195669067585,0.527903843955203,91.472228195124,5.00580237774382,90.1662431798932,46.4112363677707,50.5159039031685,1.76665917085365,10.5616087614705,5.17756289737197,23.6786824950661,11.6930058010885,8.80024519881288,78.2632747497552,62.8531701683107,16.9869291061931,19.9315245139997,3.81316148856265,0.696286472148541,19.2040392235394,20.6226230202436,8.96302723181262,1.34558815284386,9.22139036633638,12.5087397438732,33.1291569807397,7.46807379032981,2.8973122424141,6.3292677339612,21.2117047129596,26.7642723397474,2.19051652379631,21.5984929246316,27.5067826253242,16.1310949009796,33.5320589972266,19.751743273338,5.11773940345369
"South Yorkshire","Yorkshire and The Humber","Central","Rest of E&W","England",353960.500000001,40.4487403355178,23.0974320186762,13.5920466032974,16.2016276245264,50.723196844232,99.3824976531137,96.594819588467,41.779246634032,15.408054181043,0.956270535765725,8.61702784375514,0.718067281236037,89.1452267914078,4.47851939770532,83.4620965014673,44.121785270097,48.2498854460672,2.11700894396097,11.5412115599379,5.96608126604518,20.0530803815386,13.6407047195235,9.1235948935243,75.9743211288898,61.4968837620253,20.4061238630115,17.8698925957641,4.51292904389439,0.802397082192428,20.5365928513922,21.0872687735681,9.86215327706214,1.02534856403534,8.51143153844844,12.4567942587142,32.5455931925569,7.53837738834211,2.78004447073412,8.5690792990158,22.3678244269029,27.235530818028,0.451460230144612,18.6536277643939,26.7838657893658,15.514184871015,32.6376215509493,23.3439785214457,7.76880824883031
"West Yorkshire","Yorkshire and The Humber","Central","Rest of E&W","England",698690.399999994,39.0409107397017,25.0147666737966,13.3882808104682,14.5833926906134,51.0659207291092,99.3545742741299,96.5307289376974,41.8994631591109,13.9121364444828,0.961561931976287,8.83413849185223,0.787900002666183,85.8654481977049,4.35115039430852,72.6209070586189,38.906125515166,43.0193014685185,1.60445112930311,11.7619547855118,8.0451322576202,17.4774096927348,16.4171479730653,11.1124473595217,71.2574585635359,61.6999341126745,17.7946145077518,20.3328697579232,4.28396713361473,0.859251346540329,17.6066804474781,18.7601182014298,8.7640982754334,1.93539567221311,8.64128624819607,12.2458703516695,33.5670493866748,7.87381141161837,3.02416342149667,8.99910501907219,20.9918271258167,30.2458030863249,0.404292516850314,16.7685545152707,29.6623279108191,14.0701401175117,31.9889646438949,28.3840580613067,8.23484080969145
"Clywd","Wales","North West","Rest of E&W","Wales",128045.7,43.5514234864782,21.5617459531153,10.2716166765209,20.2120519663146,51.0678374394273,99.6666035332242,97.4097797301274,44.4037985441378,13.8405449014029,0.930914286418111,7.50054417490991,0.345047202134778,93.7869030593086,3.70069271886161,93.4160932397208,44.1780843874823,53.9070297256114,1.47991458881385,11.8226847906822,5.11786445018615,37.2526145503429,11.4484267128438,7.7353882048431,79.5644486570728,67.8598118916554,15.3931683132223,16.5948197295031,3.23407978235728,0.489376534295308,21.0689581473203,20.8056519880632,10.4845720621401,1.13558688697903,9.80514568504324,12.0848663826491,32.9841208365608,8.10055189775368,2.44021107668474,5.69132455460883,19.397034795764,30.1332526475038,1.97388871619521,20.2904214219104,29.636308623298,14.2049016641452,41.3444581656786,21.1046328325866,3.6061118733931
"Dyfed","Wales","North West","Rest of E&W","Wales",28152,44.4918597754547,20.9339694616599,10.6338116488822,21.9968541956251,51.2141655257465,99.5853297384052,96.9178667359255,45.7515858032546,12.9636811790235,0.948116427928087,8.47060187380779,0.427877369924226,94.6399504623255,2.82594666339202,94.3074752436444,46.7686970146331,51.1907892896114,1.96246982222547,10.4825568256158,5.52819707621121,42.9959677898969,8.87264639063671,6.25133817057214,83.2658304637179,69.2233119420473,14.2330361550402,16.4484914087916,4.4017976118935,0.606171452459959,22.4602786828278,22.4060177879038,11.0902806096616,1.57662479779237,11.6798696355505,11.8126037003412,27.4060044454184,10.9776789907022,2.17481138277557,6.94956641517703,18.6220368909426,32.0222397535595,5.55403905297447,16.0221530697045,28.5540761796831,12.2556186194741,42.8711617035702,24.8405981739315,1.86305259134782
"Gwent","Wales","North West","Rest of E&W","Wales",360549.899999997,41.7945685188494,22.5728725305018,11.295625095717,17.8470910545034,51.0560240676836,99.5842295177107,97.2449045848102,43.5993270318017,13.9849361248739,0.994502127767097,6.85504242836669,0.336127522245249,94.0189250400298,2.61006283957277,91.7059450114517,52.9766625895004,43.4071860506713,0.787672223536238,12.7013269455038,5.54141582878936,22.2399955873025,11.4765595142881,7.05195889936017,81.818325085889,66.0863158558303,19.5810284777709,14.2219438009235,3.00076231444109,0.449901647824341,21.9787605861003,22.4986769988378,10.8609707292605,0.664659947835817,9.18270859763449,11.8188550151754,34.8236840183982,6.88659664785824,2.6329018867531,5.68007592903555,22.2438000755109,28.9275575144816,0.850266279627894,19.5081255285593,29.056172415879,15.4768783414233,39.1023418539414,25.390458340952,3.74571925961762
"Gwynedd","Wales","North West","Rest of E&W","Wales",11296.9999999999,43.9715362480674,21.2518320082031,11.5031325327077,21.2051258650031,51.047667108675,99.6231435815988,96.8897186744176,42.582446737948,13.8806346342628,0.900745536069619,8.62562731096759,0.466659809329948,95.351034475354,2.06036139533386,94.9272833667077,46.1625008654712,51.7747928639018,2.36483403213597,10.7579641157085,5.87230095084649,39.4915109424013,8.58914425905357,5.97239005456077,83.8811653993092,66.7468173662562,16.327551904698,16.6778552161017,5.47744439612826,0.723132176966066,19.7327520950883,19.2656856481755,9.41651801540721,2.88793682180478,14.0393276941668,11.9645942391501,27.9642332190103,10.6088346785631,2.52907501482761,8.54263905722169,16.8952067820649,33.6859749218322,3.95995605535051,15.1325128686228,29.3823372035302,11.9548469864683,41.7032859723646,23.2436435448038,2.83009552960924
"Mid Glamorgan","Wales","North West","Rest of E&W","Wales",141831,41.4656526028092,22.6615050805121,11.8092777324015,17.625112278074,50.9147514129663,99.6464355772732,97.1386217734484,42.3017168479223,14.2483487524688,0.986393888909179,6.93729567464207,0.374210970001439,95.826922728836,2.01866164678625,94.9982125968931,57.7977514074692,40.5063291139241,1.16364047740257,13.3867067750847,5.17487192074492,19.4169686967966,8.74024712505614,5.73369820661994,84.9044286609568,68.4372421428646,14.8708494793244,16.5712704066179,3.44449195779909,0.386668205194341,23.2896734445458,23.3792179701252,11.1057253785799,0.670552108792379,8.07221491090639,11.7448428120698,33.6699898338232,6.72131102129911,2.62797055963834,6.39084102260105,23.7506128859797,27.5658800488647,0.509297397557652,20.6713606996492,27.0340494842162,15.2868112264684,36.8755842677265,21.5558065552366,4.28732041179
"Powys","Wales","North West","Rest of E&W","Wales",1542,46.4834126781504,19.288417637871,9.16511474228043,24.3504445512435,50.6626917676036,99.6561243301589,97.5268492643837,47.6620970063328,13.6406160046056,0.845567069660334,8.15849227974569,0.357250983953981,95.152630195622,2.37149401118913,95.3209831116852,45.2997402008789,52.7157506252175,1.07532533847968,8.24499019640424,5.23079990694892,48.479611844073,8.27822272440265,6.35572097969493,85.4735792622134,67.8525140407431,14.0922534977236,17.8791000631418,3.5924276670997,0.611253369778252,20.284000030037,20.9583311431339,10.5643528617838,1.78796942505816,15.7959454968428,12.1099026089429,26.8607378972062,14.9667661903746,1.87228975616692,4.50078197199119,18.9414942773868,31.8555839909007,9.65202177293935,18.4632581648523,30.1681239781048,11.6798180137911,46.0336977833904,30.2919353270907,0.892669096800324
"South Glamorgan","Wales","North West","Rest of E&W","Wales",154424.4,38.7557421960359,23.9698048157717,16.2668360812624,14.2988076908292,51.3516466396493,99.3452297760913,94.892513368984,39.3825647707238,13.0301479218046,1.33703525616168,11.7041359189978,1.19149770771532,86.3476526144558,4.16224921699862,79.0892849555588,47.163339226424,42.4996765986805,3.45434570164311,12.0859051488398,6.73799559525147,17.9315766856786,23.2650011719666,11.85174333431,75.0452918455145,62.1558535418152,15.7733589866297,21.8583664579895,7.6061159703549,1.33556703429662,18.9773918251235,18.3918162376302,8.94889457343816,1.23643679620279,7.7917004424217,11.5243541512392,32.8834908896379,7.63502084102127,2.69781633648776,13.6993493836853,16.1326993090126,39.277559006365,0.315861130020422,10.8822328114364,34.9179852836647,9.13641215645579,33.7015279588638,35.5110413244144,5.98891798309108
"West Glamorgan","Wales","North West","Rest of E&W","Wales",62964,41.7802279471625,22.2858343400389,12.9725825936236,18.04559062976,50.7843132105499,99.5665842566309,96.5592514163137,41.286213045335,12.3112129638383,0.960356759822794,8.60419282546848,0.592844541220974,92.7411010205529,2.70554186998062,90.6983279102686,51.5695999191188,44.5031706536208,2.19103469466541,13.0683957331102,5.16977614170123,22.9910060656766,13.6731705859503,8.0735765167089,81.8420313499107,64.1279080190511,19.149152319543,16.4653786624756,5.81124484280908,0.700143652880017,23.4151568232492,22.4185157269702,11.3887470501373,0.842018453889181,8.07775971697662,11.8924958497202,30.8155498208158,6.07892991026508,2.40414678817543,9.99780979497777,20.6403570306276,30.1911167681872,0.675168322779266,16.0382199083924,27.7740216290682,13.2977186951457,35.5241219813908,23.7537702907348,3.67901976245009
