LSOA21CD,Population,Households,Working_population,Students,Unemployed,Age_over_65,Disability,No_central_heating,Overcrowding,Working_from_home
E01006416,1520,678,588,59,3.5744681,14.8416887,27.1052632,16,24,91
E01006418,1315,567,547,64,2.7358491,17.5304878,30.0380228,14,24,84
E01006434,1519,652,660,69,5.1131601,11.7259552,23.3706386,16,35,102
E01006435,1524,663,581,82,3.4285714,19.8949442,29.0026247,7,28,96
E01006438,1150,490,546,51,1.6161616,26.2608696,20.5217391,3,13,165
E01006439,1654,695,766,66,2.9585799,19.1515152,22.4909311,8,21,171
E01006446,1450,592,558,65,4.7745358,15.5065472,25.7241379,9,29,101
E01006412,1581,622,570,89,4.4962531,15.4090044,28.2099937,9,23,64
E01006413,1421,809,524,52,5.2941176,15.2601969,33.8494018,12,31,66
E01006414,1373,618,481,72,4.011194,21.1678832,29.7887837,9,22,48
E01034832,1009,468,436,47,2.8950543,17.6412289,23.5877106,7,11,77
E01006448,2163,852,698,98,4.7249191,11.0083256,26.5834489,17,41,89
E01006492,1300,514,575,46,2.7619048,23.1124807,23.2307692,12,21,95
E01006493,1843,722,776,109,3.9085546,9.6529284,20.9441129,10,25,147
E01006494,1799,680,618,114,4.2121685,10.4941699,24.9583102,1,35,102
E01006495,2316,859,1029,105,3.0885781,10.2420052,22.6683938,14,29,224
E01006454,1547,658,783,45,1.0827533,22.1359223,20.8791209,8,10,183
E01006456,1521,683,720,62,2.8051554,22.5657895,21.8277449,10,11,168
E01006457,1246,554,570,40,1.8198362,32.638332,24.7993579,13,14,113
E01006458,1546,655,666,72,2.1756648,18.7459599,24.7736093,6,23,147
E01006490,2646,1059,1459,136,2.6816187,9.5993953,15.6084656,9,28,370
E01006491,2019,801,1122,85,2.5080386,9.5190878,16.7904903,11,24,248
E01006415,1987,778,956,82,3.0788967,13.1155779,21.0367388,10,29,181
E01006417,1259,565,529,41,3.5211268,15.0119142,25.1787133,14,23,89
E01006436,1453,646,537,82,4.5879354,13.6049724,29.7315898,15,28,70
E01006437,1389,684,490,50,3.3851784,18.2602444,30.8135349,4,22,87
E01006447,1382,670,576,60,4.4866264,15.918958,29.1606368,18,24,86
E01006455,1753,756,652,82,4.1267502,15.8857143,27.0964062,13,20,84
E01006506,1308,597,606,65,4.0149393,14.6248086,21.7125382,24,21,124
E01006507,1535,669,644,75,4.3874172,13.8110749,25.3420195,8,23,95
E01006508,1377,605,685,79,3.6874451,13.362382,22.4400871,13,22,122
E01006509,1771,780,726,85,4.0201005,14.3421796,25.8610954,19,29,126
E01006510,1338,571,629,32,1.6838167,20.5684368,18.6846039,20,18,126
E01034833,2181,833,1106,101,2.7239709,8.5203848,17.1939477,9,18,252
E01006460,1533,640,515,59,4.9781659,13.9215686,27.9191129,7,26,58
E01006461,1441,591,555,80,2.972973,14.7609148,25.1214434,12,34,78
E01006464,2667,1186,1421,98,2.1228546,17.960255,19.2350956,12,9,357
E01006466,1490,744,743,56,1.8124507,20.7635633,23.1543624,14,16,192
E01034834,1212,708,504,42,3.9622642,19.9173554,32.5907591,18,20,97
E01034835,1124,534,608,42,4.5924225,6.2388592,19.1281139,13,5,157
E01006453,1183,513,429,50,4.9052397,11.2711864,24.3448859,2,30,62
E01006467,1305,560,431,68,4.7141424,13.3894415,29.2720307,16,34,59
E01006470,1411,619,560,68,3.968254,14.893617,28.7030475,7,20,77
E01033228,2698,1129,1106,158,4.4651619,11.3088617,22.0163084,14,44,188
E01006459,1632,703,826,72,2.8782288,17.679558,18.75,8,13,141
E01006462,1700,715,886,75,1.9047619,16.1955241,16.3529412,14,17,237
E01006496,1401,610,618,65,3.2562125,19.3571429,26.6952177,10,20,104
E01006498,1568,584,882,80,1.7463933,15.5612245,15.369898,3,6,254
E01006499,1929,842,1005,77,2.5291829,14.8648649,17.0036288,13,14,235
E01006440,1401,596,564,76,4.0366972,11.4917916,25.1962884,11,25,99
E01006442,1480,718,569,56,5.6410256,15.4416723,30.472973,14,25,62
E01006443,1469,707,504,56,4.3965517,19.1836735,31.3818924,9,21,71
E01006444,1387,495,467,76,3.1822565,15.6182213,28.9834174,9,21,60
E01006445,1265,529,499,55,4.8205128,12.3028391,25.2964427,8,20,66
E01006465,1578,636,836,79,1.0614102,17.2370089,16.6032953,8,8,232
E01006482,1504,578,640,100,4.8639736,18.3510638,24.8005319,7,25,122
E01006483,1464,648,648,70,4.1060736,16.5526676,24.0437158,16,23,99
E01006484,1301,547,581,50,4.6889952,17.2043011,22.2905457,7,26,97
E01006449,1595,666,701,68,3.3385093,19.6731615,24.200627,10,22,153
E01006450,1712,759,824,63,2.3014105,13.1147541,19.9766355,12,20,197
E01006451,1417,601,605,67,2.6408451,18.7588152,26.534933,5,14,124
E01006452,1409,621,669,59,2.5823687,15.2266289,21.5046132,21,13,108
E01006497,1113,500,502,57,4.2071197,19.5867026,22.0125786,7,16,106
E01006500,1052,465,402,44,2.6744186,22.0643939,26.7110266,6,12,62
E01006501,1379,547,674,92,1.8587361,13.3090909,18.4191443,8,16,163
E01006504,1184,491,502,74,3.8293217,13.2601351,24.1554054,2,19,95
E01006505,1670,684,640,81,3.2357473,16.3289631,26.2874251,1,41,100
E01006472,1506,614,745,70,1.5923567,22.310757,16.4010624,2,7,208
E01006485,1835,745,956,85,2.5342466,15.0408719,15.8038147,9,12,256
E01006486,1139,488,576,49,2.3012552,22.6514486,17.8226514,5,6,178
E01006487,1451,621,706,58,1.7470882,22.5206612,18.2632667,9,16,163
E01006488,2458,969,1290,94,1.674277,16.6802278,15.6224573,15,11,391
E01006642,1397,616,543,85,4.8249763,12.3925501,25.2684324,9,36,85
E01006643,1802,762,745,143,4.1394336,11.2831858,22.1420644,14,28,126
E01006567,1668,878,598,103,3.4265734,23.6952609,30.6954436,26,26,131
E01006568,1539,615,693,70,3.1080031,22.106632,23.7816764,22,15,181
E01006570,1422,600,684,66,2.9585799,21.9409283,19.1279887,7,8,195
E01006571,1436,609,582,51,2.8720627,18.6499652,28.4122563,15,24,123
E01006711,1571,675,636,105,6.2052506,11.5139949,24.6976448,19,31,137
E01006717,1386,571,689,88,2.7164686,19.6389892,19.2640693,9,20,171
E01006718,1541,666,696,110,2.8816199,16.8721609,26.1518494,18,23,179
E01006719,1381,589,677,70,2.6737968,16.8596237,22.2302679,7,16,180
E01032508,1734,836,736,158,4.5327755,12.1037464,26.816609,24,51,131
E01006801,1922,836,949,69,1.1479592,21.4992192,15.8168574,6,1,330
E01006773,1312,552,658,62,1.9230769,21.5209125,16.6920732,11,5,202
E01032509,1297,614,544,59,5.1158301,14.4067797,22.5905937,19,23,109
E01006690,1834,839,713,307,6.1114842,8.6150491,21.5921483,25,94,126
E01006692,2512,1083,1055,193,4.7212456,11.3989637,20.4617834,28,50,213
E01006695,1804,937,679,170,7.2,9.2017738,23.4478936,32,79,121
E01006759,1036,427,456,93,3.7457435,14.5192308,23.1660232,13,16,108
E01006760,1441,681,637,112,5.4848967,14.255911,26.1623872,32,41,140
E01006565,1513,619,669,97,2.5437202,19.9208443,24.9173827,16,25,134
E01006569,1418,605,587,72,3.8427948,18.899859,23.9069111,17,22,130
E01006573,1448,754,600,143,3.8211382,20.9254144,26.9337017,26,24,119
E01006712,1225,526,552,72,2.1956088,19.0359477,24.7346939,14,19,134
E01006713,1299,575,620,81,2.9162747,17.8598922,22.5558122,24,14,138
E01006691,1783,662,636,558,3.9333333,7.5196409,18.3398766,29,52,121
E01006694,1960,823,644,360,3.7651563,8.6867655,18.4183673,31,69,95
E01006696,1995,818,733,342,4.3935644,11.2725451,20.1002506,31,53,99
E01006697,1926,749,704,501,4.7199497,7.7841204,19.2107996,32,54,101
E01006746,1657,665,492,485,2.3943662,13.1483715,25.1659626,16,31,82
E01006512,2266,542,554,1548,2.6267281,2.7348919,13.6804943,30,20,178
E01006747,2756,731,733,1707,1.8752392,5.6200145,15.7111756,24,45,131
E01006748,2195,711,650,1395,1.8410853,5.6621005,14.9886105,15,38,107
E01006751,2698,791,648,1299,2.0876827,10.8308605,20.2742772,17,50,115
E01033763,2467,1029,933,581,2.9787234,12.9922858,22.8617754,22,57,186
E01006566,1366,592,645,76,2.3809524,20.1019665,23.4260615,19,15,175
E01006585,1337,618,551,84,2.7953111,15.9192825,26.8511593,13,17,120
E01006586,1730,851,806,104,3.5422343,18.9017341,21.9075145,13,11,244
E01006587,1525,679,746,98,2.8571429,20.6422018,20.1311475,10,20,216
E01006716,1414,663,593,83,3.4602076,16.9263456,26.5912306,22,22,141
E01006575,1290,556,594,80,3.490566,18.9628483,23.875969,11,11,190
E01006576,1762,734,932,70,1.8465909,18.2954545,16.5153235,17,0,310
E01006577,1524,592,730,72,1.8699187,21.5173316,15.8136483,13,9,281
E01006579,1563,596,776,91,1.9275251,21.5473146,15.1631478,8,3,253
E01006584,1415,627,730,65,2.9239766,21.2720848,17.0318021,11,4,216
E01006725,1498,723,687,114,3.7933818,13.760855,23.2977303,23,24,193
E01006726,1730,629,608,592,3.9014374,7.0642733,16.2427746,23,34,143
E01006727,1246,596,655,99,3.7392138,14.2971888,20.1444623,25,12,192
E01006728,1578,802,566,217,5.3301512,9.8287888,22.243346,31,41,115
E01034401,3788,1521,1336,493,4.8856549,7.4162048,17.8458289,65,147,278
E01006578,1346,537,686,56,2.1081577,17.3977695,15.8246657,14,4,224
E01006580,1292,505,600,69,2.0192308,22.3857475,14.628483,6,6,214
E01006581,1537,598,755,69,1.518785,21.7306441,14.638907,6,6,321
E01006855,1504,655,590,60,2.5306122,24.0691489,24.2021277,12,16,142
E01006616,1306,604,588,57,2.3572076,22.1455939,26.7228178,11,22,121
E01006489,1350,575,710,49,2.3297491,17.3945226,16.5185185,9,4,178
E01006734,1443,622,556,87,3.1135531,13.4442134,26.4726265,10,27,62
E01006688,1591,721,777,95,2.3827825,18.4441656,19.7988686,14,16,288
E01006836,1426,633,572,73,2.874049,23.7026648,26.0168303,4,16,110
E01006477,1459,662,652,64,3.6941581,13.95189,21.9328307,17,24,138
E01006478,1836,794,785,88,4.5827633,14.9180328,24.8366013,11,26,158
E01006774,1417,531,709,80,2.4158758,16.6077739,16.6549047,8,6,241
E01006479,1442,608,655,70,3.8630378,16.0416667,19.7642164,17,17,163
E01006532,1559,617,696,83,2.0626432,29.0570879,15.3944836,4,8,284
E01006480,1409,641,506,60,2.7124774,19.9573864,29.3825408,9,31,85
E01006481,1360,648,536,58,3.3274956,20.3826343,30.6617647,11,20,109
E01006514,2547,769,761,1455,1.5815085,7.3113208,20.6517472,23,14,312
E01006539,1365,588,617,71,1.6253208,30.1540719,16.7765568,6,7,278
E01006839,1272,566,569,40,1.9830028,22.8235294,25.2358491,9,9,99
E01006735,1472,608,550,89,3.6476868,13.4419552,28.736413,11,31,58
E01006471,1465,613,736,71,1.8548387,22.2829802,17.2013652,6,10,219
E01006762,1728,729,687,101,3.4660767,16.4351852,23.900463,31,23,116
E01006740,1575,680,611,85,4.1425021,12.4444444,27.4920635,8,29,144
E01006840,1420,659,644,42,1.498751,25.6518675,24.5070423,6,14,145
E01006604,1571,609,664,87,4.224208,14.3129771,25.3978358,10,23,128
E01006742,1620,656,767,91,2.3622047,15.0371287,19.2592593,11,17,217
E01006736,1499,571,612,96,4.1558442,12.6666667,25.4836558,8,33,98
E01006842,1651,671,714,79,2.3162939,13.2566586,24.1066021,12,21,98
E01006473,1610,630,873,64,1.4404852,17.9391682,15.1552795,2,7,269
E01006583,1630,465,622,454,0.6517017,19.0300798,13.8650307,2,5,258
E01006673,2224,944,747,377,4.3304843,8.1238779,22.4820144,23,106,161
E01006605,1613,678,637,122,4.9808429,18.4863524,26.4104154,7,46,120
E01006744,1479,733,723,67,3.8111019,15.6756757,21.9066937,16,30,207
E01006737,1386,553,554,70,3.2638259,16.9906407,28.4992785,4,21,87
E01006594,1323,557,598,58,0.7187781,30.1059002,14.5124717,11,6,262
E01006618,1607,693,688,104,2.7819549,20.931677,27.1313006,20,22,139
E01006787,1332,553,588,91,4.1006524,11.3363363,24.5495495,14,15,130
E01006745,1787,849,814,88,4.375,10.7623318,25.965305,20,36,200
E01033757,1318,523,381,755,4.2604502,2.6595745,16.2367223,17,32,111
E01006474,1929,820,988,75,0.7476636,23.0290456,18.5588388,5,7,281
E01006796,1611,624,713,108,1.0471204,24.8759305,13.097455,3,4,327
E01006837,1557,623,699,64,2.8396009,22.3506744,24.534361,9,12,131
E01006625,1369,609,643,66,1.6129032,27.6642336,21.6946676,11,9,178
E01006788,1665,686,842,95,2.3065476,14.9128082,19.1591592,13,14,183
E01006738,1402,646,534,78,3.3514493,16.4051355,26.4621969,15,25,80
E01006626,1417,590,661,68,2.6666667,23.288638,20.7480593,3,13,194
E01006739,2547,1007,1122,173,3.4108527,10.0470958,23.5963879,12,34,233
E01006838,1446,738,628,44,2.4732069,24.083045,24.9654219,17,15,116
E01006741,1882,822,892,82,3.2425422,12.7060074,23.1668438,18,23,158
E01006475,1430,545,610,59,1.7857143,34.0589888,29.8601399,5,6,168
E01006637,1514,651,614,109,3.7229437,12.8627968,23.1836196,11,17,66
E01006476,1404,584,716,50,1.322314,23.9145907,17.7350427,0,4,235
E01006790,1814,865,683,101,5.4340155,12.6791621,28.7761852,28,39,119
E01006841,1567,662,823,73,1.0393467,22.7969349,18.2514359,1,7,207
E01006522,1715,1017,1027,115,5.4511278,8.5764294,23.3819242,28,26,425
E01006743,1999,946,992,81,4.1488713,13.4,21.9609805,24,28,239
E01033768,1133,739,596,157,5.6956116,8.6115993,26.125331,18,20,200
E01006420,2410,908,1337,127,2.2279793,12.5467387,13.1950207,11,3,401
E01006524,1300,640,600,61,1.4324082,29.1314374,21.7692308,7,8,233
E01034402,1099,585,470,484,4.9808429,6.9028156,20.4731574,17,17,146
E01006753,1867,795,805,93,3.1734838,11.2955032,23.7814676,10,35,131
E01006424,1925,799,1054,92,2.2632519,20.9157128,17.8181818,10,8,307
E01006791,1642,833,615,97,3.5320088,19.6341463,30.0852619,27,27,101
E01006638,1299,561,432,70,4.5454545,14.2746914,27.0977675,8,25,66
E01006526,1381,642,725,51,1.6267123,21.3872832,20.2751629,10,3,299
E01006843,1228,551,512,34,1.4792899,26.182708,23.9413681,8,9,95
E01034403,1234,637,559,166,6.3969897,12.3176661,21.2317666,12,28,143
E01006754,1798,837,644,90,6.1074319,14.118955,26.4182425,22,31,97
E01006639,1618,657,738,140,4.2813456,13.5519802,18.9122373,5,29,198
E01006755,1574,660,611,85,5.1851852,15.6091371,26.2388818,9,33,77
E01006914,1287,536,576,59,0.9319664,29.9377916,15.1515152,0,1,187
E01006550,1787,498,602,1067,1.257485,6.057207,14.3256855,10,20,199
E01006665,1479,627,764,77,2.184466,16.4189189,19.2697769,13,20,193
E01006529,1342,540,689,73,2.5617566,15.5505952,16.0208644,14,12,250
E01006644,1948,915,879,97,2.5031289,13.470437,26.5913758,17,28,175
E01006502,1645,763,735,50,1.8584703,28.6322188,21.7021277,20,12,176
E01006756,1762,730,678,94,4.3478261,11.854793,24.3473326,7,39,78
E01006915,1478,663,632,74,2.32,23.5772358,26.7253045,5,18,127
E01006557,1895,582,647,1080,1.8835616,5.1633298,14.9868074,14,23,174
E01006551,1232,792,468,87,2.3478261,31.5235008,34.9837662,18,11,150
E01006916,1517,666,706,76,2.5437202,18.3322303,23.2696111,7,14,188
E01006503,1235,550,540,53,0.8474576,29.9512987,20.0809717,7,5,161
E01006421,1116,439,623,64,1.910828,14.1450313,13.3512545,3,6,177
E01006721,1579,815,586,208,4.1503524,10.4126984,26.4724509,27,46,124
E01006645,1516,687,517,64,5.4263566,17.5577558,29.4195251,10,25,79
E01006554,1666,630,658,651,3.125,10.3179364,17.5870348,18,24,242
E01006757,1468,602,568,74,4.6875,13.2472826,22.2070845,9,28,92
E01006666,1366,507,734,79,2.4171889,14.9560117,15.22694,5,4,222
E01006917,1723,706,870,72,1.217765,22.0348837,15.4381892,4,4,280
E01006425,1276,556,613,74,2.8756957,17.3197492,20.7680251,9,9,169
E01006918,1277,519,649,72,2.6390198,18.0751174,19.1072827,5,9,167
E01006667,1438,630,578,98,3.2472939,23.713491,26.5646732,12,16,120
E01006430,1524,689,595,56,3.1026253,23.2329843,30.3149606,12,24,129
E01006919,1794,750,765,91,4.2709867,11.1420613,25.0278707,12,30,137
E01006758,1438,627,547,53,5.2914798,16.400278,27.1210014,16,23,74
E01006542,1569,588,613,95,3.6565978,13.3247918,25.5576801,18,30,96
E01006525,1187,471,559,56,0.9375,23.8416175,17.4389217,8,3,238
E01006668,1504,581,808,96,2.2804054,10.89701,15.4255319,7,10,221
E01006722,2004,563,629,1149,1.0958904,4.1958042,12.6746507,12,41,154
E01006433,1575,700,733,81,2.2438295,21.0659898,23.9365079,12,18,171
E01006810,1153,497,516,46,1.8719212,31.7515099,21.6825672,5,5,108
E01033758,1959,491,524,1352,2.3425299,2.4477307,14.7524247,25,22,121
E01006558,1304,614,481,92,6.2317429,11.6923077,24.5398773,20,55,78
E01006595,1756,795,895,73,2.4288688,19.7150997,17.7107062,21,8,344
E01006670,1463,611,720,60,2.2690438,18.852459,19.822283,8,7,201
E01006723,1951,694,624,956,2.8716216,8.9835729,17.5294721,28,44,147
E01006419,1388,623,755,92,2.3966942,18.7185025,16.4985591,15,12,184
E01033760,2480,439,727,1961,1.5390846,0.6454215,11.1693548,21,9,175
E01006562,1483,694,480,84,5.5267703,13.5536076,27.7815239,12,29,66
E01006596,1421,573,678,81,1.8803419,21.8706048,16.8191414,6,11,271
E01006607,1544,640,612,78,3.4817814,18.6934023,26.4896373,9,27,83
E01006724,1589,504,593,783,2.9757785,7.3047859,15.2926369,8,19,159
E01006422,1249,556,591,49,1.682243,27.0616493,20.1761409,8,10,157
E01006689,1579,673,808,88,1.6342412,19.7593414,15.5161495,18,8,316
E01006811,1312,605,523,40,2.4669604,31.3069909,25.6859756,9,19,98
E01006552,1862,764,632,224,5.3975201,6.7705535,18.5821697,13,75,149
E01006423,1331,527,687,55,2.283105,20.2407825,16.3786627,7,11,181
E01033747,1930,809,754,115,4.1722746,14.4702842,24.9222798,8,24,144
E01006612,1440,711,525,80,4.5144804,17.9042332,29.5138889,5,19,93
E01033761,2158,1072,1235,897,2.8095238,1.0648148,12.6506024,53,33,429
E01006633,1378,682,470,70,3.2918149,19.6350365,32.0029028,11,31,97
E01006812,1471,594,576,68,4.0577096,13.4602311,26.4445955,4,32,70
E01006556,2070,837,551,405,7.1518987,7.0082165,21.0628019,28,83,93
E01006427,1432,628,663,73,2.9484029,25.2447552,22.2765363,7,8,171
E01006545,1353,594,616,92,4.6490428,14.7626113,21.1382114,17,14,126
E01006729,1442,520,512,118,5.4995417,12.1968122,25.3814147,12,22,62
E01033762,3677,603,1002,2858,1.4088398,1.3594345,13.1357085,24,25,212
E01032505,1276,565,559,74,3.5238095,19.6708464,21.2382445,8,16,161
E01006813,1450,676,614,48,3.7510656,18.9524466,25.1034483,12,18,92
E01006674,2425,884,678,252,7.0615034,8.8247423,19.4639175,32,104,153
E01006546,1339,590,580,61,5.4832714,11.7427076,21.2845407,36,27,80
E01032510,2154,952,1068,98,3.7878788,10.8372093,18.6629526,19,23,226
E01034405,2403,408,510,1939,0.5620406,0.8739076,12.9837703,19,38,145
E01032506,1422,678,717,153,3.0669895,17.2292546,22.6441632,24,21,255
E01006814,1423,602,711,46,2.1155411,25.6680731,19.6064652,4,9,136
E01006679,2720,953,738,370,6.5261044,9.0106657,20.0367647,21,134,195
E01006547,1667,749,628,153,6.8545316,9.9639856,19.7960408,21,50,93
E01006426,1355,625,513,46,5.2054795,16.1742984,29.5202952,12,24,70
E01006815,1245,551,579,56,3.0798845,22.248996,24.2570281,8,6,92
E01006709,1498,666,597,76,4.3956044,17.4983367,26.435247,6,21,146
E01006548,1811,758,657,124,6.0332871,15.397351,23.5229155,13,39,97
E01034406,1460,425,565,944,1.181376,2.4708305,10.7534247,15,21,183
E01032507,1380,647,810,79,2.7522936,13.8405797,18.6956522,18,14,331
E01032511,1337,606,578,61,2.003643,22.1391174,25.6544503,23,18,126
E01006428,1569,641,685,79,4.0506329,12.1019108,21.6061185,11,14,126
E01006818,1205,521,538,34,2.5986526,31.1570248,20.9958506,5,6,115
E01006769,1339,659,480,50,4.0613718,25.1874063,33.0097087,12,12,85
E01006766,1278,582,513,75,5.8415842,9.0054816,25.1956182,17,31,70
E01033750,2185,1137,1492,477,2.7671756,6.0036664,14.5537757,44,25,561
E01033748,1205,727,894,74,3.9647577,8.4647303,11.0373444,18,9,323
E01006608,1125,517,497,56,2.4678112,18.8444444,24.8888889,12,10,119
E01006429,1125,480,427,58,4.4994376,16.6370107,29.1555556,8,13,56
E01006770,1160,503,483,50,3.4178611,17.7739431,24.5689655,8,22,96
E01006822,1508,638,694,69,1.5372168,23.5605559,15.7824934,5,9,229
E01006771,1584,809,533,64,4.0831477,27.0714738,36.0479798,13,12,94
E01006767,1840,809,787,137,6.0984061,10.0434311,19.6195652,34,34,141
E01033756,1013,576,575,233,3.3811475,8.6138614,12.8331688,26,19,198
E01033767,1007,518,432,55,3.9806996,13.9303483,24.1310824,10,23,106
E01006609,1203,531,554,75,3.9755352,14.8547718,21.113882,13,14,125
E01006431,1839,838,935,73,2.6578073,16.2044589,17.0201196,11,22,236
E01006610,1462,688,551,73,4.3852107,17.260274,27.8385773,30,19,102
E01006772,1115,491,513,52,2.7484144,22.2520107,23.7668161,9,11,123
E01033765,1500,718,600,126,4.6215139,14.4850498,26.4,15,22,141
E01006432,1564,672,640,85,3.9872408,16.5389527,24.2327366,12,17,99
E01006606,1517,686,663,49,3.7337662,18.013245,24.4561635,12,16,142
E01006793,1381,722,583,49,2.7657736,26.121563,20.3475742,18,10,188
E01006613,1261,604,522,75,2.6876738,23.7341772,29.5003965,14,17,111
E01006823,1324,582,546,44,1.4453478,32.3773585,18.5800604,6,4,185
E01006775,1479,666,589,64,3.5390947,20.0811359,30.6964165,13,28,120
E01034407,1249,703,979,197,2.5430681,0.8012821,9.6076861,16,11,313
E01006651,1615,632,894,85,2.5974026,12.8173375,14.8606811,3,9,258
E01006761,1433,703,556,78,8.7458746,17.5524476,29.030007,31,25,106
E01006795,1444,642,717,60,2.6165168,22.2453222,16.2049861,6,11,278
E01006705,1296,616,545,66,4.0117417,13.2148377,23.5339506,20,24,81
E01006582,1716,610,810,167,1.9203414,19.1365228,13.2867133,3,11,347
E01034408,1287,742,760,132,3.0150754,12.5291829,19.036519,34,23,282
E01006653,1809,783,778,106,2.6027397,13.8580931,25.4284135,12,20,168
E01006763,1462,646,610,87,3.1830239,14.5591251,22.6402189,19,22,118
E01006797,1368,626,597,59,3.5262206,16.2280702,24.122807,5,16,146
E01006598,1712,702,556,87,5.3467001,11.9089317,24.5911215,8,28,89
E01006824,1232,517,567,60,1.0773751,25.9529603,17.2077922,0,5,190
E01006798,1306,575,603,47,2.6833631,27.3006135,18.9127106,9,8,201
E01006764,1563,682,603,105,4.723779,13.8942001,25.7837492,22,42,122
E01006655,1834,729,857,97,2.5412088,14.9318801,21.3195202,17,26,164
E01006599,1878,712,778,109,4.7692308,6.3965885,19.2225772,9,39,147
E01033751,2488,858,1104,1127,2.1258858,5.1467632,17.9662379,47,15,378
E01006589,1455,579,745,77,1.5599343,22.7743271,16.975945,8,8,271
E01006825,1477,628,616,60,1.7770598,30.9103261,15.3012864,2,4,208
E01006799,1688,1047,616,45,2.2193211,40.4507711,33.1161137,19,9,186
E01006765,1493,653,699,81,5.0970874,13.1860776,23.8446082,32,21,148
E01006658,1394,644,527,51,3.9215686,15.8878505,26.9727403,10,26,82
E01006672,1895,777,725,88,3.8406828,13.487882,24.9604222,10,30,111
E01034409,2039,1210,1517,327,3.5060976,2.2571148,10.053948,72,31,629
E01006866,1719,691,720,98,3.6036036,14.3189756,23.6183828,5,28,184
E01006591,1493,627,798,139,1.8714402,14.5430287,14.0656397,13,6,331
E01006521,1566,896,734,60,4.0598291,26.0536398,24.4572158,29,13,303
E01006660,1388,622,587,83,4.3776824,17.595945,26.945245,15,22,80
E01034396,1852,716,797,92,3.010279,9.2632719,20.4643629,6,37,151
E01034410,1029,594,711,158,3.0181087,3.595724,12.6336249,28,19,300
E01006867,2107,814,1149,118,2.6595745,13.1816027,15.3773137,4,15,360
E01006592,1530,602,700,139,1.8081761,25.9672131,15.751634,0,8,304
E01006523,1466,807,793,105,4.112719,15.9726962,26.3301501,10,12,336
E01006597,1678,692,737,103,2.2270115,25.8949881,17.1036949,12,9,339
E01006652,1450,625,721,68,3.5264484,18.0814355,23.0344828,20,12,158
E01034411,1119,742,677,293,3.3149171,2.9464286,9.919571,19,16,285
E01006768,1333,589,612,87,3.968254,15.1241535,22.8807202,13,13,181
E01034397,1842,676,934,108,2.8103044,3.647251,12.4864278,4,32,221
E01006528,1353,568,737,86,2.7802691,13.5055351,17.2949002,13,8,297
E01006868,1518,661,654,72,2.2052587,16.9973545,22.9249012,4,16,170
E01006656,1397,646,699,74,3.555941,15.7857143,24.6241947,21,16,181
E01006553,1484,540,718,430,2.6336174,7.2151045,16.1051213,10,11,247
E01006882,1183,504,482,44,0.999001,34.0966921,17.328825,9,2,165
E01006617,1488,695,743,57,3.0015798,22.2446237,20.4973118,7,6,243
E01006628,1754,653,815,412,2.3855577,14.2450142,17.4458381,11,10,330
E01006600,1419,581,586,76,4.1415013,18.4582744,28.5412262,15,18,110
E01006869,1571,746,787,57,2.5954198,16.1146497,22.1514959,12,9,208
E01006657,1122,573,523,55,4.7720042,17.4843889,24.9554367,24,13,110
E01006588,1579,691,759,163,3.9969834,17.4904943,18.3660545,18,12,302
E01006883,1379,629,596,53,1.1914894,30.6240929,17.8390138,9,4,196
E01006629,1315,600,638,42,2.0776874,22.0700152,20.608365,12,15,261
E01006603,1466,601,627,60,4.0336134,18.3367416,26.2619372,7,23,101
E01006819,1737,727,816,63,2.6928675,16.8202765,21.3010938,12,20,156
E01006780,1361,569,676,61,2.1582734,18.3222958,19.9853049,16,11,152
E01006590,1576,653,806,173,2.8009084,16.2746345,19.7969543,13,10,337
E01006820,1491,619,567,64,3.7466548,12.2736419,25.0838364,9,30,60
E01006783,1334,584,629,63,4.9270073,16.991018,22.4887556,24,16,143
E01006593,1451,590,812,145,2.4534687,9.5796003,13.8525155,11,9,334
E01006619,1758,780,892,91,3.4153005,19.5343555,18.3162685,18,11,280
E01006730,1402,536,530,79,4.1284404,15.7183499,28.3880171,8,21,84
E01006884,1389,624,623,40,1.3710368,30.4535637,18.2145428,4,9,183
E01006821,1482,678,524,67,4.7945205,16.183412,28.4750337,11,30,49
E01006527,1383,649,652,49,2.6563839,21.6981132,22.3427332,12,12,248
E01006781,1324,573,686,71,2.9488291,19.8944989,19.2598187,8,7,190
E01034404,2194,426,651,1307,1.1730205,5.5606199,12.2151322,8,7,250
E01006620,1396,623,597,73,2.4472574,28.2327586,22.8510029,9,11,184
E01006731,1222,474,459,75,4.2372881,15.497553,28.396072,9,12,61
E01006885,1306,580,606,44,1.1596789,29.9465241,17.0750383,2,5,223
E01006871,1715,745,659,60,4.804139,16.298021,29.4460641,14,32,66
E01006782,1486,635,737,83,3.4166667,13.7676293,19.8519515,15,15,193
E01006680,1492,582,700,78,1.7959184,24.8993289,16.4209115,3,6,288
E01006520,1564,1059,975,110,3.7914692,13.7843012,21.9309463,21,11,407
E01006732,1720,623,535,156,4.7854785,10.1280559,25.1162791,9,25,50
E01006886,1244,574,532,47,0.7380074,32.9317269,20.0160772,1,10,152
E01006832,1693,812,847,92,5.7265569,8.4316038,20.3780272,17,23,162
E01006784,1215,533,643,50,2.5793651,17.5020542,21.563786,16,14,167
E01006682,1265,490,583,54,1.5625,23.9747634,13.4387352,11,6,252
E01006549,1454,772,747,256,4.5899172,8.4536082,19.4635488,23,31,252
E01006683,1525,585,729,85,1.3256007,18.9914866,14.9508197,3,7,283
E01006621,1610,653,754,80,1.9359643,25.0931677,17.0807453,10,6,249
E01006785,1712,771,799,82,4.4412607,16.4719626,23.5981308,36,10,190
E01006675,2002,1113,930,160,7.7272727,10.2897103,25.7742258,37,48,329
E01006686,1352,527,628,56,2.2563177,23.9852399,15.9763314,6,7,223
E01006834,1276,638,584,43,4.2990654,16.9278997,29.3887147,24,26,101
E01006887,1345,597,565,51,3.1000886,28.9532294,25.1301115,10,11,141
E01006622,1530,585,794,90,1.0350318,21.8300654,15.620915,4,8,245
E01006611,1332,685,483,83,7.7651515,9.5345345,26.1261261,28,36,74
E01006786,2305,739,965,106,3.3349681,14.2112125,24.2950108,17,10,282
E01006677,1571,657,616,105,5.1502146,6.8022886,19.9236155,12,51,187
E01006534,1891,748,892,95,2.6791695,14.7853736,17.8212586,14,15,284
E01006877,1566,886,647,64,3.3381713,21.2412028,31.4814815,42,13,94
E01006802,1591,723,719,52,1.4662757,29.4339623,20.8045255,5,9,184
E01006640,1909,758,873,108,2.3872679,17.2431866,18.4913567,5,13,249
E01006614,1113,557,446,43,5.7268722,16.1406673,25.965858,25,20,79
E01006518,1835,815,598,127,4.4518272,21.6584834,30.9536785,31,74,123
E01006535,1659,654,738,71,2.6618705,20.747889,26.1000603,16,16,230
E01006880,1355,756,492,46,4.7914818,16.9504071,32.9889299,8,17,74
E01006804,1512,659,641,54,1.6666667,31.064111,24.0079365,4,12,161
E01006776,1840,902,791,79,4.1854475,19.7282609,24.4565217,14,24,170
E01006615,1396,689,584,69,5.840708,13.9985642,26.2893983,20,30,71
E01006661,1648,727,603,77,3.5222052,19.331307,27.7912621,23,42,63
E01006779,2031,920,682,164,3.6813518,18.9069424,31.708518,12,34,112
E01006881,1430,758,560,65,5.7595993,16.4106145,30.4195804,13,16,96
E01006536,1816,802,809,77,2.661344,18.7568757,25.3303965,24,17,196
E01006662,1904,804,645,84,2.4025974,27.3728369,35.1365546,13,31,95
E01034398,1149,481,505,64,3.8150289,11.2860892,19.5822454,7,17,118
E01006698,1563,678,628,85,3.9215686,15.3846154,25.2079335,19,27,118
E01006806,1411,614,617,64,0.89141,35.5823864,19.135365,3,3,158
E01006863,1645,891,688,60,4.0830946,19.4038929,29.5440729,19,23,126
E01006630,2187,956,1017,141,4.8963134,8.040201,18.609968,19,53,287
E01006681,1533,691,613,75,2.7777778,24.3648208,23.2876712,9,13,197
E01006663,1102,484,508,56,3.4988713,13.5086129,21.7785844,6,13,114
E01034399,1079,586,413,63,4.640884,20.1851852,28.6376274,23,23,63
E01006700,1570,665,553,102,6.4,17.1665603,28.6624204,14,29,85
E01006807,1324,584,528,45,1.1363636,38.2107657,20.0906344,6,6,173
E01006864,1915,900,1054,72,2.1631644,15.4407929,18.1723238,14,17,313
E01006664,1955,830,717,80,4.7949965,13.183444,24.8081841,20,43,109
E01006530,1417,603,648,60,1.5490534,25.9520451,16.5843331,7,5,208
E01034400,1066,547,385,106,5.9217877,13.6406397,31.8011257,9,15,82
E01006623,1309,519,611,78,1.8181818,28.7566743,18.5637892,4,7,170
E01006803,1401,610,691,52,1.9623876,28.5612026,17.2733762,5,8,193
E01033793,1290,537,780,28,2.3023023,7.9783114,13.255814,4,5,263
E01006632,1785,853,730,119,4.1172366,13.1165919,26.162465,16,41,154
E01006805,1534,622,659,78,2.3731588,20.0522534,20.7953064,5,21,155
E01006560,1900,948,624,100,5.0261097,17.4986863,31.6842105,15,50,74
E01006624,1548,710,660,75,3.9370079,21.6408269,25.2583979,21,22,137
E01006669,1457,548,782,93,2.7118644,12.1399177,15.9231297,6,13,168
E01033794,1716,789,706,57,3.3232628,16.6763848,24.1258741,5,30,159
E01006676,1979,794,577,201,6.0542797,8.1313131,21.5765538,18,83,120
E01006531,1435,658,601,52,1.1541632,32.2873082,19.0940767,6,8,194
E01006808,1183,534,572,40,1.6409266,29.1278577,18.7658495,14,3,147
E01006564,1629,780,635,74,3.6791759,27.3619632,26.7648864,10,25,113
E01006627,1370,593,642,69,2.5777778,21.3186813,19.270073,15,8,149
E01006654,1367,625,672,74,2.6863085,18.0819912,22.1653255,19,9,134
E01006845,1772,849,958,80,3.3579584,12.2391427,22.4040632,20,24,140
E01006678,1928,948,701,173,4.9273531,16.4932362,29.1493776,16,45,204
E01006533,1348,601,581,90,2.5394046,27.0230141,21.4391691,4,11,212
E01006809,1333,599,595,40,1.9930676,32.408102,21.6054014,6,5,161
E01006671,1285,502,557,71,4.0665434,18.4867395,23.3463035,3,9,124
E01006659,1828,537,550,59,5.9190031,8.9071038,35.7221007,12,18,93
E01006870,1424,697,679,69,4.1631266,13.9142656,22.8932584,14,20,107
E01006706,1313,560,459,68,3.7249284,17.6560122,30.6169078,9,24,73
E01006537,2521,1091,1350,104,2.2942643,13.7083994,16.1840539,24,24,343
E01006849,1466,645,552,59,3.9130435,17.1991842,27.0122783,4,12,91
E01006538,1270,509,603,71,2.764977,21.3101815,18.0314961,10,14,149
E01006646,2159,935,782,390,3.8564542,10.8183079,27.4201019,22,53,172
E01006850,1593,767,653,68,3.0487805,20.3645506,28.3113622,5,8,116
E01006707,1406,584,538,65,3.9522059,18.75,27.2403983,8,27,90
E01006699,1730,754,609,102,4.6581518,13.9803582,28.2080925,13,40,76
E01006519,1315,523,624,70,1.9337017,24.3161094,15.2851711,6,6,289
E01006872,1587,867,707,46,4.2335766,15.0409062,27.7882798,18,34,93
E01006648,2379,1073,957,419,2.8907398,13.0306852,24.7583018,30,42,234
E01006851,1333,595,637,47,2.0087336,25.975976,23.555889,5,7,168
E01006708,1862,747,755,116,2.779661,17.0784103,26.745435,4,27,148
E01006701,1589,745,666,98,3.129771,18.628068,22.5928257,23,40,107
E01006684,2178,979,1085,101,1.7316017,22.5688073,16.4370983,14,9,451
E01006873,1518,628,484,61,5.2120141,15.7030223,30.3689065,8,26,42
E01006540,1780,811,607,113,6.4399421,9.8820887,26.0674157,21,50,98
E01006852,1251,526,592,35,2.340824,27.9552716,18.4652278,6,9,127
E01006702,1655,752,671,104,5.4176072,15.2082076,23.8670695,23,44,115
E01006685,1494,596,623,95,2.3181455,25.9185037,21.7536814,12,5,229
E01006874,1372,636,434,36,5.6862745,12.8186453,29.9562682,11,40,51
E01006563,1712,877,483,180,4.8028674,20.3042715,33.0607477,13,44,53
E01006853,1703,740,879,60,1.910828,18.0645161,17.7334116,6,6,189
E01006856,1527,709,866,66,1.6826923,14.1453831,14.9967256,6,8,316
E01006647,2104,859,681,195,5.8860363,11.348528,26.5684411,9,50,81
E01006854,1424,638,653,69,2.5510204,19.3253689,21.6292135,6,23,96
E01006857,1412,631,709,51,1.0690789,24.6983676,16.0764873,4,3,241
E01006703,1650,800,594,116,5.9309309,17.1012735,27.2121212,23,41,69
E01006687,2458,1037,1137,121,1.9280875,18.5109845,14.3612693,14,12,459
E01006693,1518,791,541,97,3.6632892,23.8126649,31.3570487,28,37,76
E01006710,1411,635,574,64,3.7785589,20.411056,24.734231,18,16,96
E01006778,2175,1075,823,153,4.4843049,15.3033088,28.3678161,38,60,130
E01006572,1262,538,459,80,3.9748954,14.6708961,25.9904913,9,20,87
E01006792,1357,565,611,58,1.7953321,26.7647059,16.5806927,6,5,226
E01006541,1474,760,666,73,5.1751592,20.5442177,26.3907734,11,21,172
E01006574,1528,628,607,74,2.6025237,20.3788374,24.8691099,15,33,126
E01006794,1596,714,728,61,1.0401189,26.0025063,18.6090226,10,9,282
E01006641,1645,634,861,108,3.33081,13.1227217,20.6079027,5,16,177
E01006800,1451,678,601,59,0.7240547,35.1239669,23.2253618,8,9,198
E01006543,1139,499,557,35,2.4291498,23.6587511,19.3151888,8,14,115
E01006544,1629,715,587,99,4.1666667,13.6196319,27.9312462,23,11,86
E01006858,1525,625,704,55,3.7068239,12.4590164,22.4918033,9,23,145
E01006859,1682,741,852,71,2.0209059,23.4979179,16.2901308,4,6,357
E01006860,1536,670,712,45,4.0849673,16.7317708,22.5911458,8,11,175
E01006861,1965,778,800,100,3.645461,8.3926755,22.697201,5,23,186
E01006862,2240,991,1202,53,2.4622272,13.2201876,18.8839286,9,18,334
E01006831,1359,684,661,49,3.0674847,19.205298,21.4128035,14,22,111
E01006833,2065,999,1134,74,2.4217366,13.5108959,16.9007264,18,10,250
E01006835,1323,622,630,63,2.8497409,23.4315949,20.9372638,8,13,161
E01006876,1379,661,662,54,3.9621016,17.8909091,25.0181291,20,25,124
E01006878,1284,645,610,33,2.5431426,21.8238504,26.5576324,16,19,113
E01006879,1455,609,652,63,4.0205304,14.9038462,23.9862543,4,15,134
E01006904,1641,673,741,67,3.0990174,18.4146341,21.0847044,13,19,157
E01006816,1753,728,635,74,4.3247344,11.4791548,26.4118654,5,30,64
E01006817,1452,646,498,54,4.6846847,13.1271478,31.7493113,10,37,66
E01006875,1343,545,555,51,2.9893925,13.2736764,22.6358898,12,18,60
E01006899,2163,868,1006,82,3.0671296,15.896488,26.2598243,13,21,189
E01007042,1303,549,607,72,1.0436433,22.0599539,20.0306984,4,7,152
E01006826,1202,589,409,51,1.9860973,27.4542429,30.78203,5,16,106
E01006827,1536,621,801,75,1.7001546,20.1434159,14.1276042,4,10,240
E01006828,2127,903,1021,87,2.3140496,25.9016393,16.3140574,4,8,341
E01006829,1706,719,859,64,1.3296011,23.2708089,16.4712778,6,8,290
E01006844,1616,806,700,63,4.2857143,13.6672851,27.0420792,15,36,88
E01006846,1437,617,647,54,1.0690789,27.9166667,23.6604036,6,11,126
E01006847,1976,779,795,115,3.9945836,11.8387909,23.937247,4,27,127
E01006848,1284,621,617,45,1.5151515,28.1811085,26.0903427,8,10,129
E01006896,1444,656,615,60,3.1323414,32.40805,23.7534626,12,13,121
E01006897,1460,659,716,53,2.2834646,27.4348422,19.7260274,2,9,155
E01006901,1471,633,824,64,1.8414732,18.1509177,16.0435078,18,11,191
E01006890,1394,613,656,55,1.8010292,22.7011494,24.1032999,14,9,165
E01006892,1356,569,633,62,1.6564952,24.704142,23.3038348,6,11,181
E01006893,1325,602,615,61,2.3529412,21.250942,19.5471698,7,11,147
E01006894,1367,635,528,64,1.8867925,33.8686131,23.0431602,6,10,135
E01006898,1739,789,750,72,3.0991736,24.0229885,23.0592294,7,16,181
E01006908,1322,623,505,53,4.1385948,15.7056146,27.3071104,11,17,64
E01006909,1321,497,423,77,5.5026455,10.9173616,25.8894777,4,29,49
E01006910,1879,818,821,74,3.6887995,15.6632925,24.1617882,3,31,134
E01006911,1446,622,647,50,2.7048528,32.6883207,23.0290456,3,11,116
E01033795,1485,567,914,92,2.1079258,6.5407957,12.996633,3,5,314
E01033796,1663,715,872,82,3.0075188,11.2379808,18.7011425,10,29,194
E01007012,1353,635,638,59,3.4354689,14.1272189,22.172949,18,7,154
E01007234,1498,704,731,76,3.0805687,19.2513369,24.0987984,14,12,231
E01007228,1399,675,504,51,2.2907489,26.7000716,32.0228735,8,13,95
E01007244,2153,938,952,114,4.0841584,8.4068741,24.6632606,17,17,198
E01006888,1193,507,518,52,1.4720314,32.3578595,16.093881,5,8,169
E01006889,1380,579,662,74,2.4472574,24.0377633,16.3043478,7,10,218
E01006891,1604,642,760,79,2.0089286,23.364486,21.5710723,6,9,213
E01006895,1399,644,501,49,1.4434643,43.4191702,23.5167977,4,3,197
E01006903,1441,740,567,55,2.807597,21.4583333,33.9347675,11,15,92
E01006905,1318,620,499,62,3.2110092,21.3798332,26.3277693,6,32,54
E01006907,1572,675,681,77,2.5056948,22.2292994,28.4351145,11,25,120
E01006913,1445,571,532,71,3.5650624,17.0006911,26.1591696,9,34,78
E01006912,1697,686,765,96,3.6418816,11.6539141,20.9781968,9,26,132
E01006830,1599,656,635,98,3.6734694,12.4530663,25.5159475,5,21,102
E01006906,1522,698,730,65,2.679275,19.0131579,24.5072273,10,21,137
E01032904,1850,707,932,106,1.9515478,17.4851592,15.5675676,6,13,239
E01006995,1341,513,608,64,2.0408163,21.6840537,19.9850858,3,4,184
E01032905,2824,1134,1529,136,0.8899297,11.8542109,13.8101983,7,16,444
E01007195,1608,662,731,69,1.7371601,25.6378345,17.10199,1,6,273
E01007013,1452,689,559,80,6.918239,12.0523416,27.1349862,30,24,99
E01007044,1444,622,615,65,0.9046053,32.4305556,19.2520776,7,9,177
E01007259,1190,484,540,50,1.6276704,26.4261745,14.8739496,3,3,169
E01006967,1727,886,689,63,3.3557047,19.6759259,30.283729,20,27,139
E01007045,1184,479,582,47,1.6881827,26.3513514,14.9493243,3,2,161
E01007236,1321,581,600,58,2.919708,22.4164134,24.0726722,10,2,136
E01006997,1498,634,754,74,3.6912752,14.2665774,18.4245661,15,11,169
E01007261,1321,603,516,44,1.5424165,40.0907716,20.2876609,2,2,193
E01007067,1411,606,736,51,1.4516129,27.9432624,18.355776,7,2,223
E01007199,1503,608,661,66,0.5582137,29.6937417,15.5023287,3,4,262
E01007007,1280,688,429,65,4.2533081,15.3786105,34.140625,7,17,72
E01007041,1393,576,710,66,1.7035775,20.1289398,19.88514,5,13,196
E01007307,1683,715,808,85,2.2440393,23.4839477,18.9542484,8,3,281
E01006999,1587,707,685,91,2.8330781,23.6957888,22.2432262,12,12,150
E01007068,1142,477,558,47,0.8264463,27.0104895,15.323993,4,5,178
E01007264,1348,652,570,44,1.4370245,35.3333333,19.3620178,7,1,182
E01007222,1526,700,748,72,3.0046225,23.5448005,21.559633,12,9,185
E01007308,1410,725,588,47,2.3866348,35.841022,19.5744681,8,7,202
E01007043,1360,606,619,48,0.8673027,29.0322581,20.3676471,8,9,186
E01007008,1322,648,492,61,4.730369,13.2575758,28.214826,22,46,85
E01007069,1445,670,639,61,2.1311475,25.6747405,21.1764706,12,20,180
E01007000,1521,604,665,79,2.6315789,15.1017728,20.3813281,17,21,123
E01007223,1410,626,746,63,1.6608392,14.2045455,19.2198582,7,3,197
E01007266,1510,612,695,80,0.6552007,23.2604374,15.5629139,0,4,239
E01007312,1474,656,692,63,2.078138,22.0258328,20.963365,15,4,203
E01007046,1781,727,947,66,2.140884,16.741573,19.2026951,6,14,277
E01007009,1790,927,683,90,4.5602606,18.1919643,33.4636872,44,17,133
E01007070,1412,595,634,50,1.7529215,31.6087881,17.4220963,9,11,211
E01007010,1575,693,692,66,5.6916996,9.8350254,24.3174603,9,51,143
E01007267,1414,632,688,67,1.910299,25.3003534,18.5289958,13,4,217
E01007313,1561,790,688,75,1.1269722,26.6451613,25.1121076,15,10,183
E01007101,1423,601,658,46,2.4659864,27.9887482,17.0063247,5,9,202
E01007001,1680,710,778,87,2.9907975,17.0833333,25.1785714,13,27,145
E01007053,1328,560,660,77,1.9981835,17.7710843,23.3433735,6,12,167
E01007193,1644,736,636,66,1.6713092,35.9707851,23.783455,12,12,255
E01006960,1154,449,548,76,3.6548223,24.0660295,18.9774697,3,7,140
E01007268,1293,650,477,50,1.7574692,39.1808346,23.2018561,5,7,162
E01007315,1482,615,751,71,2.3966942,19.7846568,16.4642375,6,6,226
E01007095,1560,700,752,70,2.0989505,28.8560411,18.0128205,5,8,209
E01007002,2048,908,1015,88,1.6033254,21.5859031,18.75,3,15,263
E01007084,1249,526,672,54,1.4150943,18.9102564,16.5732586,14,10,220
E01006961,1595,691,688,79,3.6501901,16.8335419,26.7084639,22,24,137
E01007194,1484,665,637,73,2.0048115,27.3584906,23.787062,14,6,217
E01007163,2257,915,1128,121,1.9459459,19.6989819,18.0327869,13,8,281
E01007211,1162,501,566,49,2.0470829,24.8062016,21.0843373,4,7,158
E01007096,1286,566,575,52,1.6666667,29.2379471,17.8849145,3,8,164
E01006928,1437,593,693,72,1.8945634,25.1214434,15.5880306,4,2,269
E01006941,1541,690,741,46,1.9345238,28.5992218,20.8306295,9,7,275
E01006962,1394,647,657,58,3.7703513,20.9169054,25.6814921,14,32,155
E01007245,1446,631,713,64,2.0627063,26.0179434,17.8423237,11,5,180
E01006935,1649,700,773,88,2.4336283,21.7049577,18.1322013,8,8,261
E01007200,1621,649,766,74,1.4869888,25.1082251,15.484269,1,4,314
E01007100,1326,589,629,49,1.6057092,26.8825301,18.4012066,10,5,209
E01006942,1461,639,746,94,3.1784841,18.125855,17.5906913,16,12,276
E01006963,1724,696,653,105,8.6353123,8.4971098,22.099768,26,45,104
E01007235,1513,592,698,84,1.6666667,18.6507937,18.3079974,9,8,175
E01007246,1398,586,667,53,1.1130137,25.7695061,19.1702432,8,6,153
E01006971,1604,792,533,43,1.5950069,43.159204,29.1147132,14,6,196
E01007201,1463,621,695,55,2.2369511,21.872864,18.7286398,5,6,261
E01033799,1470,592,735,49,2.2441652,15.7823129,14.4217687,7,5,237
E01006954,1530,684,696,60,1.9622642,29.653821,24.9019608,8,10,243
E01006965,1515,585,661,83,2.6778243,15.653897,23.1683168,6,32,141
E01007310,1317,525,644,66,2.9493088,20.9284627,16.4768413,3,3,221
E01007247,1635,659,783,65,2.238806,24.0366972,18.8990826,7,6,194
E01007252,1473,643,749,52,2.2653722,20.8813559,18.0583842,10,7,177
E01007249,1304,585,565,70,2.8128031,16.6538757,25.3067485,13,17,74
E01007251,1092,511,515,31,1.6483516,23.5996327,19.1391941,7,7,124
E01007257,1296,594,478,60,3.2128514,19.4594595,28.8580247,18,13,79
E01007303,1488,707,586,67,2.2998296,17.4379611,29.7043011,14,20,67
E01007304,1550,635,579,88,3.0859049,17.8893179,31.7419355,10,33,76
E01007196,1587,782,636,58,2.1818182,37.2400756,23.3774417,9,10,242
E01007197,1635,664,714,80,2.1212121,25.3667482,14.0061162,4,4,297
E01007198,1587,800,731,82,2.2438295,24.9054224,18.9035917,9,8,283
E01007263,1446,633,590,70,3.1141869,20.9254144,26.2793914,2,11,157
E01007282,1324,642,600,69,2.430243,26.6616314,18.9577039,5,6,225
E01007175,1974,904,733,122,3.6159601,15.2756702,34.1438703,24,21,102
E01007290,1962,936,698,98,3.2745592,16.5310275,36.2895005,16,23,118
E01007293,1607,761,483,98,5.2066116,13.2462687,34.7230865,7,42,46
E01007295,1688,727,737,110,6.2355658,8.8443396,25.7701422,9,20,138
E01007296,1703,842,700,93,3.9423806,11.7508813,26.3065179,23,25,114
E01007258,1399,633,608,62,2.0869565,28.9079229,14.9392423,3,6,207
E01007260,1561,637,687,84,1.933488,26.0230179,14.7341448,4,7,258
E01007262,1496,655,652,69,2.3400936,30.013369,15.5080214,5,2,270
E01007281,1340,591,558,57,2.166065,31.7910448,15.5970149,3,6,287
E01007283,1231,479,494,53,1.9961977,34.0650407,15.5158408,2,2,228
E01007173,1525,590,683,95,2.1969081,21.3910761,21.7704918,5,7,179
E01007174,1702,727,846,53,3.1617647,16.1971831,18.8601645,10,15,183
E01007176,1632,767,697,78,3.2233308,15.0030618,29.2279412,18,15,120
E01007177,1541,667,655,77,2.6807474,19.5989651,26.2167424,6,15,151
E01007178,1587,710,678,74,5.0535988,20.3272498,26.0869565,8,10,151
E01007248,1484,595,687,76,2.9505582,25.7565568,17.7897574,19,1,216
E01007250,1365,559,658,75,1.5775635,24.981685,18.4615385,0,6,179
E01007253,1591,742,690,80,2.4199844,18.628068,22.8158391,10,16,167
E01007254,1618,640,752,54,1.9316493,25.7884972,17.3671199,3,4,234
E01007115,1557,660,725,95,2.3715415,19.6015424,21.0019268,9,11,188
E01007138,1754,804,687,75,2.9282577,16.5906499,29.5324971,12,23,120
E01007139,1608,708,753,68,2.8081123,13.1546135,25,21,18,151
E01007141,1609,864,711,66,2.7456647,26.6334785,25.6059664,7,16,194
E01007289,1627,649,533,67,4.4091711,9.1911765,29.1333743,5,26,62
E01007111,1470,580,738,88,1.9339243,21.6530055,14.3537415,0,1,249
E01007112,1513,656,744,75,1.5974441,20.0925314,21.5465962,13,6,197
E01007113,1309,578,608,64,2.9304029,23.7366003,16.6539343,4,4,215
E01007114,1483,572,660,77,2.6714159,13.2928475,20.9710047,8,8,150
E01033800,1687,621,670,55,1.8455229,24.4536326,28.2157676,6,8,202
E01007311,1397,600,684,50,1.1754828,24.8567335,17.3228346,5,2,217
E01007104,1388,566,673,61,1.3611615,20.0432588,17.074928,9,10,291
E01006966,1653,714,718,68,3.6462374,16.1622276,22.323049,16,12,176
E01007202,1375,681,635,57,2.5510204,22.5054625,25.0909091,10,7,191
E01006946,1389,721,548,46,2.0441537,37.1490281,22.1022318,6,9,125
E01007074,1406,614,685,69,2.5854879,21.5198864,22.0483642,7,13,190
E01007109,1495,661,766,72,2.4610336,20.3877005,18.5953177,17,8,294
E01007314,1415,590,694,62,2.3767606,17.7840508,20,7,4,211
E01007125,1594,760,673,91,3.7296037,17.0532915,25.7214555,28,18,112
E01006972,1522,877,461,42,2.2932592,53.8764783,29.434954,10,8,156
E01007316,1491,596,681,81,1.3776337,23.3870968,17.2367539,7,7,213
E01007215,1472,745,489,67,4.9916805,25.2552757,32.7445652,14,12,115
E01007216,1548,711,669,84,3.6682616,18.1112549,25.3229974,22,6,167
E01007219,1495,599,651,84,2.3198012,15.7190635,26.8227425,8,10,144
E01007220,1394,594,487,113,6.1068702,11.3896848,28.0487805,15,20,90
E01007275,1428,642,590,74,3.0685921,15.1154654,28.0812325,19,22,112
E01007203,1927,842,970,89,2.864259,19.2107996,19.7716658,14,8,255
E01007205,1622,616,704,101,3.2414911,12.9012346,27.5585697,10,20,115
E01007210,2020,868,814,92,2.2006472,14.858841,27.029703,17,17,148
E01007309,1480,601,722,64,1.2820513,24.4745763,18.0405405,8,4,246
E01007212,1440,613,713,76,2.0458265,22.1681723,21.9444444,13,11,182
E01007213,1475,649,682,59,2.2870662,27.2603671,20.6779661,5,6,177
E01007214,1545,690,651,76,3.270646,17.7993528,25.7605178,17,9,141
E01007217,1675,847,763,77,2.8199566,16.4776119,25.2537313,27,25,159
E01007276,1487,595,660,80,2.3275862,16.2853297,24.2098184,13,15,136
E01007272,1424,596,494,63,3.751234,11.8930331,26.6853933,15,14,76
E01007273,1313,623,457,55,6.2124248,12.8224583,28.1797411,10,28,60
E01007274,1367,662,454,61,6.0869565,13.215859,31.8946598,13,22,72
E01007277,1389,602,528,61,3.597786,16.6546503,29.4456443,19,16,86
E01007278,1464,619,561,80,2.8756957,13.0553657,27.5956284,19,22,98
E01007204,1723,668,563,102,3.2939189,9.1120139,30.6442252,12,25,75
E01007206,1845,750,904,93,2.60631,13.7520303,22.9810298,13,17,215
E01007207,1408,680,448,54,3.2051282,21.6062544,35.7954545,6,23,67
E01007048,1652,622,695,107,5.4487179,9.5093882,23.2445521,11,20,128
E01007097,1493,644,700,54,2.4859663,28.6577181,17.8164769,8,6,209
E01007028,1414,605,675,55,2.233677,22.8490832,19.8019802,6,14,142
E01007209,1416,717,528,53,3.2618026,26.9964664,31.8502825,13,17,85
E01007269,1706,782,704,82,4.3576258,11.5023474,28.4290739,21,24,122
E01007270,1743,822,624,69,3.8834951,11.7545872,32.9317269,21,23,95
E01007271,1589,759,660,78,5.4892601,15.1038389,28.5714286,13,13,115
E01034836,1256,519,481,76,3.3695652,10.9076433,26.2738854,10,23,72
E01034837,1634,753,760,83,3.2407407,15.4506438,23.378213,15,16,134
E01007120,1374,538,542,79,2.1235521,14.1818182,24.5997089,6,16,126
E01007121,1481,680,516,79,6.2831858,11.8999324,27.9540851,11,18,55
E01007122,1556,752,531,97,5.1390059,13.5135135,31.1053985,13,23,65
E01007123,1603,669,631,59,3.9148936,12.3987539,26.0761073,22,26,82
E01007124,1687,689,528,76,4.0643522,12.8706999,30.5868405,8,39,71
E01007208,1663,754,707,86,2.696793,24.3990385,25.616356,13,12,161
E01007221,1472,646,669,64,1.5434606,23.2494901,21.4673913,10,14,160
E01007225,2098,885,979,67,1.3582343,27.6108727,20.3050524,9,13,272
E01007227,1522,676,634,89,3.0424339,20.5901639,30.5519054,17,10,121
E01007156,1519,671,740,90,1.9475655,24.4561635,25.6089533,13,18,198
E01007098,1640,717,779,54,2.2677396,26.2355095,19.2682927,9,5,255
E01007054,1325,602,576,50,4.2572464,20.5283019,25.1320755,14,10,148
E01006973,1559,679,512,70,2.3776224,44.6658098,26.8762027,2,6,208
E01007157,1495,601,770,84,1.8914474,16.1311914,17.1906355,5,14,183
E01007099,1531,686,614,60,1.3254786,40.1698236,25.4735467,7,10,220
E01007087,1337,617,551,50,5.9687787,15.7816006,29.2445774,14,24,98
E01006974,1502,664,614,54,3.2477341,34.7101932,16.045273,7,3,278
E01007029,1162,604,405,28,1.3133208,49.6974935,25.1290878,7,1,112
E01007158,1530,694,700,61,2.4012393,25.6376717,20.6535948,14,10,224
E01007065,1280,491,642,57,2.4131274,18.2955434,16.40625,2,4,153
E01006929,1483,618,728,90,2.4308466,17.4410774,18.6109238,6,15,176
E01007088,1239,598,587,43,3.2802249,18.7903226,27.1186441,5,15,140
E01007030,1556,636,773,64,2.7914614,16.6880616,19.344473,7,12,156
E01007159,1950,790,923,90,1.4101778,25.2956298,19.1282051,2,8,309
E01006930,1423,627,679,65,1.3961606,19.7609001,19.8875615,10,16,134
E01007090,1266,561,544,64,2.8513238,11.6719243,27.6461295,9,16,97
E01007066,1438,591,749,66,2.5316456,18.7456446,17.2461752,7,7,224
E01007036,1165,528,502,42,1.1753183,35.0214592,20.6008584,5,6,112
E01007127,1630,714,561,86,3.4825871,9.2411261,29.202454,14,32,69
E01006955,1594,630,851,93,2.3201856,15.4956085,16.6875784,11,10,268
E01007071,1413,587,681,62,1.8181818,27.5813296,17.9759377,7,7,250
E01006947,1372,619,606,58,1.907131,33.0415755,19.7521866,2,3,154
E01007128,1691,916,465,88,4.4476327,18.4397163,34.5357776,17,37,70
E01007072,1376,678,560,33,0.7431874,38.6511965,20.9302326,10,6,203
E01006931,1515,652,743,76,1.1093502,22.4274406,18.019802,6,6,224
E01007031,1370,578,635,62,2.0122485,23.4011628,18.2481752,8,7,166
E01006956,1578,791,871,84,3.5555556,12.4133585,18.6945501,25,14,271
E01007129,1448,722,561,66,3.5323802,12.2153209,29.9033149,16,17,115
E01007073,1242,485,640,59,1.6299137,21.900161,14.8953301,1,4,225
E01006932,1402,584,684,89,1.7298188,24.6252677,14.5506419,1,4,240
E01007032,1355,574,628,71,1.5831135,28.2127031,17.4169742,3,5,188
E01006958,1537,801,689,51,4.9612403,20.8062419,26.0897853,24,21,214
E01007133,1210,701,431,51,4.1176471,18.1141439,37.8512397,18,17,80
E01007020,1353,573,641,65,2.8648165,16.9253511,26.2379897,8,13,164
E01006933,1368,588,645,65,2.9223744,17.3119065,21.7105263,7,7,162
E01007033,1366,606,609,63,2.0761246,29.8168498,21.8155198,13,4,153
E01007102,1506,596,792,83,2.8145695,14.6746348,18.2602922,20,9,279
E01034838,1020,579,366,31,4.9469965,14.7058824,34.3137255,15,13,69
E01007022,1347,590,585,64,2.5112108,22.5925926,24.7216036,10,12,176
E01006920,1612,719,739,61,2.4737631,23.6793039,19.6650124,10,17,225
E01007035,1389,600,608,68,1.0682005,33.5729691,21.2383009,5,5,196
E01007103,1470,619,770,65,2.4650781,19.4425561,15.1020408,8,3,309
E01007023,1376,534,613,59,1.5775635,27.696793,15.6976744,4,8,216
E01006924,1458,667,564,76,2.9539531,20.4794521,27.7091907,5,17,122
E01006944,1743,935,519,35,1.8371096,52.0114943,38.1526104,15,16,147
E01006978,1318,565,690,56,1.9538188,21.8181818,19.3474962,11,7,210
E01006948,1446,672,482,52,1.787234,26.800554,31.2586445,10,21,107
E01034839,1041,738,491,42,6.7849687,14.2994242,33.8136407,26,11,133
E01006925,1821,699,787,105,3.4794711,16.8224299,20.8676551,6,22,161
E01006981,1385,595,543,68,4.7101449,17.3035328,27.2202166,7,23,102
E01007027,2021,902,916,65,1.4132278,32.4925816,17.6150421,5,4,381
E01006949,1500,765,527,51,0.984103,42.5333333,27.2,9,6,173
E01007224,1445,619,659,74,1.2355848,25.900277,18.6851211,1,11,174
E01006927,1690,797,716,94,1.7064846,30.3550296,21.7159763,10,18,201
E01006982,1279,541,643,62,2.7752081,21.9874804,22.2048475,11,14,155
E01007037,1567,714,786,54,1.2463343,28.99106,18.6981493,11,4,232
E01006951,1546,788,538,37,2.4578652,44.6601942,30.6597671,17,16,172
E01007226,1576,748,692,53,0.9406657,32.5507614,24.8096447,8,4,169
E01006921,1322,591,487,53,1.8072289,40.5753217,21.4826021,2,7,155
E01006983,1596,678,845,77,2.970297,15.5722326,18.5463659,15,18,222
E01007038,1620,658,762,58,1.5849057,21.7766811,20.7407407,9,15,234
E01007034,1295,558,594,43,1.2612613,31.8357862,18.1467181,3,3,197
E01007265,1346,527,650,65,1.5755329,18.3643123,17.8306092,6,7,175
E01006922,1444,598,562,48,1.2285012,36.3510712,20.2908587,1,1,210
E01006984,1280,501,472,70,5.3937433,11.6679718,26.015625,9,15,73
E01006945,1833,932,734,45,3.5670357,31.3147845,28.4233497,29,39,177
E01007299,1279,587,634,50,1.9607843,25.3322909,21.1102424,7,5,185
E01006952,1322,610,532,67,4.4239631,13.5503407,29.2738275,10,19,132
E01006923,1515,709,619,56,1.4200299,37.6237624,21.2541254,2,5,205
E01006950,1697,939,679,26,4.2300066,27.480916,34.0601061,21,41,126
E01007306,1558,731,775,56,0.8252063,24.5186136,21.0526316,9,6,214
E01006953,1446,704,653,63,3.0578512,17.8546713,26.1410788,17,12,150
E01006926,1740,739,681,119,0.9771987,35.8989087,16.5517241,1,3,253
E01006936,1434,753,600,31,2.2988506,39.1061453,21.4086471,10,9,236
E01006969,1492,718,689,69,3.1948882,17.8211163,23.9276139,24,30,125
E01006985,1370,588,596,61,0.676819,32.8467153,17.4452555,3,4,245
E01006937,1366,499,663,95,1.3824885,21.0989011,13.6163982,5,4,280
E01007297,1489,645,579,49,2.5283348,23.9247312,25.3861652,18,15,103
E01006957,1571,846,643,112,4.6863735,22.1092757,30.1718651,19,21,204
E01033094,1181,685,516,78,7.2410632,20.3389831,29.2972058,30,26,112
E01006986,1344,532,493,53,0.7853403,37.5833951,18.6011905,0,1,201
E01006938,1362,581,544,56,1.8502944,35.8033749,19.3832599,7,7,212
E01007298,1519,615,636,59,1.0819165,34.1688654,18.8940092,5,3,207
E01006959,1494,684,749,63,2.7195027,22.2222222,21.352075,14,9,241
E01033097,1171,635,603,47,3.8572806,21.5384615,22.8010248,36,46,90
E01006987,1204,526,482,52,0.2901354,35.8931553,16.6112957,1,3,190
E01006939,1477,699,750,71,1.350278,22.539036,18.6188219,8,8,283
E01007301,1563,711,722,69,1.5801354,27.2261371,19.5777351,5,7,200
E01033797,1126,642,405,31,4.1864891,32.1746881,35.1687389,39,23,81
E01006989,1245,536,443,49,1.0185185,38.88,21.3654618,2,6,174
E01006940,1425,640,630,68,1.8930041,29.8947368,19.0877193,11,6,277
E01007302,1926,901,925,64,3.1776913,18.824753,19.4184839,11,13,221
E01006977,2073,986,787,68,1.5186916,23.9423077,28.5094067,14,44,210
E01033798,1028,631,516,35,5.3937433,12.5486381,27.3346304,24,30,67
E01006943,1305,486,660,64,0.4694836,21.4559387,12.1072797,2,7,271
E01006990,1170,476,497,60,1.7276423,30.9075342,15.2136752,3,3,201
E01007305,1574,731,738,52,1.1169025,26.3492063,20.3303685,14,6,189
E01006976,1385,605,695,56,2.8947368,19.4664744,20.1444043,7,18,178
E01007055,1382,574,528,57,3.3041788,14.2547033,26.7004342,9,32,71
E01007083,1128,471,534,43,2.5751073,21.9081272,23.5815603,11,14,147
E01006988,1506,662,591,55,1.7871649,30.3856383,22.2443559,1,15,196
E01007014,1510,634,768,50,1.4342629,22.5977469,17.615894,6,9,225
E01007056,1643,676,799,86,2.6128266,14.8508825,18.746196,10,22,148
E01007119,1647,726,596,124,3.5313002,16.0291439,27.8688525,5,16,89
E01007085,1344,554,533,62,3.9844509,14.6993318,29.1666667,13,18,88
E01007079,1526,647,624,73,2.657555,36.0730594,18.2175623,4,8,247
E01007057,1494,655,696,53,2.6724138,15.9197324,19.9464525,13,22,160
E01007047,1538,720,628,74,3.286385,22.5911458,26.3328999,13,8,128
E01007161,1543,638,692,83,1.9747235,22.9423202,20.4147764,10,11,161
E01007086,1176,497,435,57,3.2224532,21.8351742,34.7789116,12,13,80
E01007080,1439,629,612,55,2.1150592,28.3727399,19.7359277,7,8,197
E01033095,2471,1015,1344,107,2.9265873,16.2216828,14.5690004,12,13,392
E01007162,1451,538,530,90,3.6654135,12.8965517,28.049621,6,16,64
E01007091,1199,595,487,58,2.8320313,25.2710592,25.5212677,12,10,100
E01007081,1584,761,668,56,1.6224189,35.6060606,19.9494949,3,9,268
E01007062,1429,608,726,72,2.0134228,18.6713287,16.5850245,7,18,181
E01007004,1414,660,558,59,5.0139276,12.8440367,25.8132956,14,37,96
E01007300,2260,928,961,101,2.9685681,14.4056562,24.5132743,10,27,152
E01006991,1447,599,597,74,1.461039,33.218232,16.0331721,5,6,223
E01007092,1131,490,409,48,2.2805017,17.5221239,30.0618921,10,13,78
E01007063,1500,621,794,82,2.0242915,17.4116077,17.7333333,15,14,203
E01007005,1435,680,568,48,3.0797101,15.2719665,25.3658537,9,19,103
E01007155,1693,991,749,58,4.0951123,24.6308328,32.7820437,31,11,180
E01006992,1277,510,577,58,2.3076923,23.7089202,17.0712608,5,8,211
E01006979,1314,600,498,67,4.6198268,13.6641221,26.5601218,8,22,80
E01007058,1525,666,771,76,2.2058824,14.6037983,18.8196721,20,28,150
E01007011,1479,688,552,93,5.1197358,14.3534191,32.4543611,9,36,113
E01007160,1609,818,737,60,2.209551,24.7980112,23.0577999,9,8,240
E01006993,1416,587,588,60,1.7456359,32.8863797,17.5141243,2,3,215
E01006980,1288,620,560,50,4.1353383,15.4024768,29.8136646,6,20,101
E01007059,1561,629,771,90,1.9968051,16.4849262,17.8731582,7,7,177
E01007016,1789,772,810,74,4.5357902,11.3534676,24.4270542,18,31,162
E01007240,1609,897,745,60,2.8472222,24.9534451,28.5891858,18,9,214
E01007078,1504,636,633,69,1.1664075,32.6014637,19.7473404,6,2,222
E01007060,1479,594,652,62,2.044293,20.4468517,27.3833671,11,13,137
E01007017,1554,753,648,60,3.6824877,14.8267009,26.4478764,14,25,120
E01007241,1366,707,509,41,1.4681892,42.3245614,24.5241581,10,1,162
E01007242,1666,870,803,62,2.0422056,31.3173653,19.6878752,9,6,302
E01007075,1315,602,566,54,1.598579,33.3333333,22.1292776,8,7,150
E01007061,1477,589,755,71,2.284264,15.0777552,18.8219364,6,26,169
E01007019,1449,615,550,72,4.8957389,11.0881543,27.605245,11,23,89
E01007130,1789,716,668,93,4.1341654,8.4593838,20.4024595,18,28,100
E01007076,1564,631,755,81,1.5479876,23.0966091,15.4731458,11,7,262
E01007024,1050,508,350,48,3.1425365,25.0714967,35.9047619,10,8,73
E01007064,1326,478,623,68,2.3386342,17.2699849,19.4570136,2,5,195
E01007049,2149,895,1094,138,2.6210826,14.3988816,20.1954397,13,13,277
E01007131,1683,766,683,89,3.4482759,13.0279595,31.2537136,22,18,98
E01007077,1423,590,671,83,2.3648649,21.5438596,15.3900211,9,8,223
E01007026,1181,534,496,48,2.3109244,18.0661578,25.2328535,10,12,114
E01006934,1459,664,699,62,3.9473684,20.3157172,20.2878684,11,9,195
E01007050,1248,472,602,66,2.3278371,20.5128205,22.9967949,7,9,174
E01007179,1283,652,524,58,3.3783784,11.847233,30.0077942,24,17,93
E01007082,1290,603,582,69,2.3235031,30.0309598,18.7596899,8,3,180
E01007089,1449,666,572,63,4.3589744,18.7543253,28.7784679,17,21,124
E01006970,2187,950,1065,140,4.0816327,17.7330896,22.267947,18,91,226
E01007051,1303,519,502,48,4.4955045,17.2943889,26.5541059,12,14,98
E01007291,1632,857,640,65,4.1634541,12.829957,31.9240196,24,27,132
E01007021,1256,534,540,51,1.8286814,28.4235669,14.0127389,5,2,200
E01006994,1764,740,818,99,3.125,14.382786,19.4444444,21,29,171
E01007052,1325,547,528,73,4.3269231,14.8343373,24.0754717,9,17,94
E01007292,1551,723,599,68,3.3557047,11.2113402,28.9490651,9,25,85
E01007025,1306,532,623,55,1.910828,26.8610898,17.151608,6,7,225
E01006996,1852,770,860,105,3.335557,15.6300703,22.0302376,20,35,185
E01006964,1652,708,656,100,6.3165906,12.4848485,24.1525424,19,45,117
E01007229,1653,733,839,60,1.6296296,16.1524501,22.6255293,21,3,264
E01007294,1438,678,630,50,3.3851784,10.8635097,23.4353268,14,19,111
E01007105,1579,737,775,94,1.6248154,25.2058265,18.4293857,8,8,267
E01006998,1577,684,787,81,2.7463651,14.5581691,20.7355739,17,27,152
E01007003,1210,579,486,38,5.9837728,17.3410405,30,13,22,79
E01007230,1240,564,551,58,1.3422819,22.0789686,23.1451613,17,6,195
E01007180,1542,683,717,83,3.1897927,17.1763175,22.6329442,9,13,151
E01007106,1772,740,903,87,2.9391183,17.3986486,16.8171558,2,9,297
E01007006,1405,617,501,88,5.8023572,14.468995,28.8256228,14,23,103
E01007231,1558,726,708,59,2.5185185,25.7069409,26.4441592,14,6,244
E01007181,1512,695,688,66,3.7251656,16.3804491,23.0820106,23,15,140
E01007107,1356,483,685,62,1.3673655,21.5180545,16.1504425,10,7,236
E01007237,1595,936,593,29,2.9881862,35.1130653,31.8495298,23,12,198
E01007239,1650,802,753,98,3.1710914,13.3252574,27.5151515,10,24,223
E01007238,1551,933,677,64,3.5481535,24.4358478,33.3978079,20,17,181
E01007243,1537,813,722,55,1.9736842,29.4729993,21.5354587,17,7,249
E01007218,1523,680,651,81,3.8746908,16.3385827,24.0971766,15,13,132
E01007108,1543,601,797,98,1.3460016,19.1682911,15.8133506,8,9,272
E01007232,1564,634,655,71,2.4444444,24.2811502,29.9872123,4,17,217
E01007039,1289,517,614,92,1.5180266,18.6821705,20.5585725,3,5,173
E01007233,1702,757,781,89,3.1406138,17.498532,25.6169213,22,9,225
E01007040,2067,836,1070,113,1.9767442,17.7552008,18.5292695,16,17,328
E01007169,1687,746,799,57,1.1021308,20.5219454,22.7622999,13,14,175
E01007116,1469,659,703,51,1.0126582,23.6177474,18.4479238,8,6,205
E01007280,1692,726,799,78,1.4935989,24.6017699,16.3120567,9,5,242
E01007284,1633,685,705,60,1.1904762,30,17.1463564,9,3,284
E01007285,1445,625,601,65,1.6447368,31.2066574,19.9307958,6,6,196
E01007287,1834,853,781,59,1.7554859,34.8608838,25.5725191,7,9,190
E01007183,1253,521,578,44,1.9398642,24.7011952,18.3559457,3,4,185
E01007255,1517,677,727,68,1.8838305,23.1788079,18.4574819,8,2,223
E01007256,1540,756,578,47,0.952381,41.1802853,21.1688312,6,8,180
E01007279,1574,659,776,69,2.4922118,21.7557252,16.8360864,7,8,230
E01007286,1450,632,623,71,1.9279128,25.5540166,19.7931034,7,3,182
E01007110,1596,730,760,63,2.0014826,26.7879548,17.2932331,11,6,255
E01007117,1634,629,848,92,2.0849421,15.9411404,13.4026928,9,4,248
E01007118,1487,627,647,78,2.274642,16.6329966,27.5722932,9,18,153
E01007151,1525,645,721,62,1.088647,24.9672346,18.6885246,8,5,256
E01007154,1487,612,678,88,2.2617124,23.7231183,19.3678547,4,6,229
E01007142,1900,857,891,64,2.1791768,28.6993154,21.2105263,9,10,347
E01007143,1974,800,1028,89,2.2178735,11.1392405,19.0982776,8,13,237
E01007152,1590,781,699,70,2.1561338,26.6624843,23.836478,9,9,228
E01007153,1488,623,565,69,1.8563358,28.2154882,27.688172,8,15,163
E01034840,1402,651,722,53,2.2065313,14.1428571,19.828816,14,13,169
E01034841,1365,566,838,44,1.842871,4.8210373,9.8901099,3,3,225
E01007182,1525,717,578,66,1.7774343,34.5800525,17.5081967,7,9,247
E01007184,1452,670,649,67,1.5175719,30.3030303,20.1790634,6,4,228
E01007185,1595,721,823,74,2.1228203,19.1222571,16.8025078,10,8,248
E01007192,1313,652,480,51,1.6593886,36.730038,23.3054075,2,2,159
E01007288,1638,762,691,81,1.4524328,28.8834951,25.030525,10,12,169
E01007144,1302,545,555,53,1.1586453,35.1226994,20.7373272,2,4,210
E01007145,1180,533,446,42,1.1673152,38.9830508,17.8813559,2,4,166
E01007146,1452,678,665,57,0.1612903,32.231405,15.9090909,6,4,219
E01007147,1405,613,589,60,1.2594458,31.2722104,17.2953737,5,1,214
E01007148,1643,655,657,61,2.3038157,30.7739183,15.3377967,1,1,238
E01007135,1563,666,748,72,2.3343373,25.3358925,19.8976328,5,11,212
E01007136,1642,694,711,82,2.2515528,15.4595253,26.1875761,4,28,130
E01007137,1648,786,745,91,2.5055269,19.7695573,26.2135922,19,21,169
E01007170,1631,721,759,60,0.8011653,27.8969957,17.8418148,5,9,241
E01007186,1489,643,652,68,1.2738854,30.8882907,14.9764943,2,2,244
E01007187,1454,646,609,39,2.0634921,34.5942228,13.823934,2,0,279
E01007188,1470,623,653,71,1.5224359,30.0746775,15.170068,2,5,250
E01007189,1548,707,615,70,0.952381,39.2649903,17.3126615,1,6,235
E01007190,1515,642,590,60,1.0132502,36.3337714,12.1452145,0,4,258
E01007191,1364,539,567,67,1.3227513,31.4013206,13.1231672,0,1,261
E01007149,1461,624,655,72,0.2437043,31.6040956,16.4271047,3,5,221
E01007150,1341,569,644,50,2.1447721,25.4667662,15.5108128,6,3,187
E01007165,1207,548,516,38,1.3565891,34.8509934,18.9726595,6,3,127
E01007171,1541,612,760,69,2.2292994,22.3880597,15.1849448,6,3,220
E01007172,1424,643,551,49,1.9917012,34.9719101,18.8904494,6,4,192
E01007164,1834,759,966,96,1.9397993,15.8954818,17.1210469,11,11,283
E01007166,1388,624,633,63,1.0143702,30.0578035,16.7867435,7,3,165
E01007167,1559,633,715,85,3.3198381,16.9023136,22.8351507,6,14,152
E01007168,1660,737,723,89,2.2171254,17.6895307,26.0843373,9,17,152
